television_cable,wifi,seche_cheveux,monoxyde_carbone_detect,salle_sport,fer_repasser,parking_sur-place,extincteur,Climatisation,Jacuzzi,machine_laver,Capacite_accueil,NbChambres,frais_menage,Caution,frais_menage,seche_linge,cheminee_interieur,pourEnfants_famille,Piscine,NbLits,television,PrixNuitee,Latitude,Longitude
0,1,0,0,0,0,0,0,0,0,1,2,1,0,0,0,1,0,0,0,0,0,49.49838115846509,44.8425751576,-0.5779117224
0,1,1,1,0,1,0,0,0,0,1,4,1,0,0,0,0,0,1,0,1,1,61.42229731963009,44.8542079424,-0.5770658891
1,1,1,0,0,1,1,1,0,0,1,4,3,65,750,65,1,0,1,0,0,1,135.02667002427796,44.8427224401,-0.6092421785
0,1,1,1,0,0,1,0,0,0,0,2,1,0,450,0,0,0,1,0,0,0,51.33702737608197,44.8591148357,-0.6147030528
0,1,1,0,0,0,0,0,0,0,0,2,1,0,300,0,0,0,0,0,0,1,58.844726374982926,44.8374019312,-0.5710496223
0,1,1,0,0,1,1,0,0,0,0,3,2,60,600,60,0,0,0,0,0,1,94.81419789845364,44.8411735382,-0.5693415881
1,1,1,0,0,1,1,1,0,0,1,2,1,30,450,30,0,0,0,0,1,1,67.46148670821401,44.8422603909,-0.5821102576
0,1,1,0,0,1,0,0,0,0,1,4,0,5,0,5,0,0,0,0,0,1,47.82922453809798,44.8538411145,-0.5711147339
0,1,0,0,0,0,1,0,0,0,1,2,1,0,600,0,0,0,1,0,0,1,56.05473739406785,44.827787283,-0.5853294213
0,1,1,0,0,1,0,0,0,0,1,2,1,0,0,0,0,0,1,0,1,1,43.60720249740741,44.8292891049,-0.5692408751
0,1,1,0,0,1,1,0,0,0,1,2,1,15,500,15,1,0,0,0,0,1,66.58600228034133,44.8618137907,-0.5659085111
0,1,1,0,0,0,0,0,0,0,1,6,2,15,500,15,0,0,1,0,2,0,100.42831725688171,44.8272624649,-0.571324129
0,1,1,0,0,1,0,0,0,0,1,3,1,0,0,0,1,1,1,0,0,0,58.037843072693796,44.8339729607,-0.5679916381
0,1,1,0,0,1,1,0,1,0,1,6,2,80,1500,80,0,0,1,0,0,1,150.59980039911542,44.8585209491,-0.568526617
0,1,1,1,0,0,1,0,0,0,0,1,1,0,200,0,0,0,1,0,0,0,37.148866551962975,44.8617295495,-0.6169378607
0,1,1,0,0,1,0,0,0,0,1,4,1,0,0,0,0,0,1,0,2,1,58.724946238168414,44.8404762223,-0.5495181049
0,1,1,1,0,1,0,1,0,0,1,4,1,0,0,0,1,0,1,0,2,1,74.35095330812422,44.8346879008,-0.5676207931
0,1,0,0,0,0,1,0,0,0,1,4,1,0,100,0,0,0,1,0,0,1,58.68030101655765,44.8539536344,-0.5745959518
0,1,1,0,0,1,0,0,0,0,0,2,0,25,500,25,0,0,0,0,1,1,51.73065831306001,44.8404233007,-0.5787273188
1,1,1,0,0,1,1,0,0,0,1,4,1,15,800,15,0,0,0,0,2,1,84.21655068434015,44.8463315484,-0.5648961866
0,1,0,0,0,0,0,0,0,0,1,6,2,17,280,17,1,0,0,0,2,0,105.33958649024247,44.8255454368,-0.5670140654
0,1,1,0,0,1,0,0,0,0,1,4,2,15,300,15,0,0,1,0,0,1,85.19303601306031,44.8431463765,-0.5813022209
0,1,0,0,0,0,0,0,0,0,1,5,3,50,500,50,1,0,1,0,0,1,130.57937059698637,44.8523548207,-0.578798171
1,1,1,0,0,1,0,0,0,0,1,2,0,12,200,12,0,0,1,0,2,0,33.36994621264891,44.8339121807,-0.564350861
1,1,0,0,0,0,0,0,0,0,1,2,0,0,0,0,1,0,1,0,0,1,43.725574982169135,44.852989805,-0.5727272017
0,1,1,1,0,1,1,0,0,0,1,4,2,50,500,50,1,0,1,0,0,1,104.4440370935248,44.8469982848,-0.5474636332
0,0,0,0,0,0,0,0,0,0,0,2,1,0,1000,0,0,0,0,0,2,0,71.82161443543083,44.8465170367,-0.5806726095
0,1,0,0,0,0,0,0,0,0,1,2,1,0,150,0,0,0,0,0,0,0,44.281777364745324,44.8301339316,-0.5863947165
0,1,1,0,0,1,0,0,0,0,1,4,2,20,500,20,0,0,1,0,0,1,91.3907901809205,44.8231640098,-0.5783336808
0,1,1,0,0,1,0,0,1,0,1,6,2,30,600,30,1,0,1,0,0,0,123.71825629083938,44.8286010782,-0.565350342
0,0,0,0,0,0,0,0,0,0,0,4,1,10,0,10,0,0,1,0,0,1,69.24425902550922,44.8334115008,-0.5768628208
0,1,0,0,0,0,0,0,0,0,1,2,1,0,0,0,0,0,1,0,0,0,38.29522882303994,44.8308552276,-0.560181751
0,0,1,0,0,0,0,0,0,0,1,1,1,0,0,0,0,0,0,0,0,1,44.34754610515694,44.8517611798,-0.5832210204
0,1,0,0,0,0,0,0,0,0,1,2,1,7,120,7,1,0,1,0,0,0,51.93118087150652,44.8288460563,-0.5647419341
0,1,1,0,0,1,0,0,0,0,1,2,1,0,0,0,0,0,0,0,0,1,46.11433622985345,44.8332618559,-0.5599330833
0,1,0,0,0,0,0,0,0,0,1,2,1,30,500,30,0,0,1,0,1,1,64.00781622125345,44.8338900001,-0.5706047359
0,1,0,0,0,0,0,0,0,0,1,4,2,0,200,0,0,0,1,0,0,1,80.71477185706233,44.8456562067,-0.5800072234
0,0,0,0,0,0,1,0,0,0,1,2,1,0,0,0,0,0,0,0,0,1,46.426521913254966,44.825241157,-0.5746430868
0,1,0,0,0,0,1,0,0,0,1,2,1,55,250,55,1,0,0,0,0,1,69.76875261029737,44.8371533448,-0.567974693
0,0,0,0,0,0,0,0,0,0,0,2,0,0,400,0,0,0,1,0,2,0,39.41356789230883,44.8431362167,-0.5808498749
0,1,0,0,0,1,0,0,0,0,1,2,1,0,500,0,0,0,1,0,0,1,55.82002304340038,44.8429815347,-0.5799345551
0,1,1,0,0,1,0,0,0,0,1,3,1,50,600,50,0,0,1,0,1,1,77.28415425764396,44.8318329859,-0.5783786604
0,1,0,0,0,0,0,0,0,0,0,2,1,0,0,0,0,0,0,0,1,1,49.69054271117156,44.875675891,-0.5723437277
0,1,1,0,0,1,0,0,0,0,1,4,1,40,100,40,0,0,1,0,0,0,63.51244842795466,44.843457215,-0.5784650769
0,1,0,0,0,0,0,0,0,0,1,6,3,0,0,0,1,1,1,0,6,0,109.89699677249071,44.8492651784,-0.5870673028
0,1,1,0,0,0,0,0,0,0,0,2,1,0,0,0,0,0,0,0,1,1,50.736300072655574,44.8361613433,-0.574444083
0,1,0,0,0,0,0,0,0,0,0,4,1,0,150,0,0,0,1,0,0,0,60.37857120347853,44.8280290937,-0.5617721453
0,1,1,0,0,1,0,0,0,0,1,6,2,50,600,50,0,0,0,0,3,1,116.72676214915711,44.8525647299,-0.5676966712
0,1,1,0,0,0,0,0,0,0,1,2,1,0,300,0,0,0,0,0,0,1,56.12494033377046,44.8437232435,-0.5807623388
0,1,0,0,0,1,1,0,0,0,0,4,1,5,200,5,0,0,1,0,0,1,62.73738872686295,44.8414869312,-0.5938864166
0,1,0,0,0,0,0,0,0,0,0,3,2,0,0,0,0,0,0,0,2,1,71.89147202408056,44.8399695185,-0.5889527472
0,1,0,0,0,0,0,0,0,0,0,4,1,0,600,0,0,0,1,0,0,0,71.96641231506521,44.8318191558,-0.5757465085
1,1,0,0,0,0,0,0,0,0,1,3,1,0,200,0,1,0,0,0,1,1,73.20059073807093,44.8339689926,-0.5828704265
0,0,0,0,0,1,0,0,0,0,0,3,1,10,500,10,0,0,1,0,0,1,72.08379002450883,44.8355421562,-0.5691342237
0,1,0,0,0,0,1,0,0,0,1,4,2,30,500,30,1,0,0,0,2,1,100.53663103916965,44.8448218822,-0.580409601
1,1,0,0,0,0,1,0,1,0,1,2,1,0,0,0,0,0,1,0,0,1,54.86609317897307,44.8213317287,-0.563784246
0,1,0,0,0,0,0,0,0,0,1,4,2,25,400,25,0,0,1,0,2,1,90.33653848655902,44.8396389587,-0.5863953418
0,0,0,0,0,0,1,0,0,0,0,4,2,30,300,30,0,0,1,0,0,0,84.43302352212709,44.8289554861,-0.5585993458
1,1,0,0,0,0,1,0,0,0,1,8,4,80,500,80,1,1,1,0,4,1,177.19406150641078,44.8505957206,-0.6072336332
0,1,0,0,0,0,0,0,0,0,1,3,1,5,250,5,0,0,0,0,2,0,54.88852925850687,44.8534891432,-0.5748063292
0,1,0,0,0,0,1,0,0,0,0,2,1,10,0,10,0,0,0,0,1,1,47.160009688492785,44.8534714658,-0.5964545231
0,1,1,0,0,1,1,0,0,0,1,2,1,0,0,0,0,0,0,0,0,1,41.488598081753544,44.8665958786,-0.547773715
0,1,1,0,0,1,0,0,0,0,0,2,1,0,0,0,0,0,0,0,0,0,41.89933036738701,44.8500704845,-0.585416902
0,1,0,0,0,0,0,0,0,0,0,4,2,0,0,0,0,0,1,0,0,1,78.28440629312514,44.8364867972,-0.5709541854
0,1,1,0,0,1,0,1,0,0,1,2,0,30,450,30,1,0,0,0,0,1,62.46599071097063,44.8378579123,-0.5684471168
0,1,0,0,0,0,0,0,0,0,1,4,2,20,300,20,1,0,1,0,0,1,96.55947540806142,44.8384243166,-0.574782613
0,1,0,0,0,0,0,0,0,0,1,8,0,30,1000,30,0,0,1,0,0,0,102.00077324131331,44.8242233295,-0.5755756899
0,1,0,0,0,0,0,0,0,0,1,4,2,0,800,0,1,0,0,0,2,1,106.60198121873061,44.8400010048,-0.5766715817
0,0,1,0,0,1,0,1,0,0,1,6,3,0,0,0,1,0,1,0,0,0,114.734967918609,44.8344634722,-0.5683534789
0,1,0,0,0,0,0,0,0,0,1,2,0,0,100,0,0,0,0,0,1,1,34.71217558270398,44.8524513081,-0.5849089741
0,1,1,0,0,1,0,0,0,0,1,2,2,0,0,0,0,0,0,0,1,1,60.5647942250805,44.8477031182,-0.5860454034
0,1,0,0,0,0,0,0,0,0,1,2,1,0,0,0,0,0,1,0,1,0,37.91202992843705,44.8363477108,-0.5721741528
0,1,1,0,0,1,0,0,0,0,1,4,1,0,200,0,0,0,0,0,0,0,59.830638566688094,44.8326904172,-0.5740499995
1,1,1,1,0,1,1,0,0,0,1,6,2,55,500,55,1,0,1,1,3,1,132.68567199293796,44.8393451437,-0.5543502825
0,1,0,0,0,0,0,0,0,0,1,2,0,0,500,0,0,0,0,0,0,0,38.460885783927246,44.8427178643,-0.5718085311
0,1,1,1,0,1,0,0,1,0,1,4,1,35,300,35,1,0,1,0,0,1,95.95497601116932,44.838913468,-0.5712664812
0,1,1,0,0,1,1,0,1,0,1,4,2,50,600,50,0,0,1,0,2,1,104.87116237510895,44.8415497416,-0.5443253029
0,1,1,0,0,0,1,0,0,0,1,2,1,0,0,0,0,0,1,0,0,1,41.65003994010294,44.8529109283,-0.6189715235
0,0,1,0,0,0,0,0,0,0,1,3,1,0,300,0,0,0,0,0,0,1,67.5737161482453,44.8382754851,-0.6067222098
0,1,0,0,0,0,0,0,0,0,1,1,1,0,0,0,0,0,0,0,0,1,39.60348424688004,44.8418008947,-0.614448573
0,1,0,0,0,0,0,0,0,0,1,4,1,25,0,25,0,1,1,0,0,0,63.18672904105513,44.8467104662,-0.5878021091
0,1,1,0,0,1,0,0,0,0,1,7,3,50,500,50,0,1,1,0,0,1,139.91402116915816,44.8317533113,-0.5720594389
0,1,0,0,0,1,0,0,0,0,0,2,0,0,300,0,0,0,1,0,0,1,38.55600058963327,44.8307579695,-0.5764733738
0,1,1,0,0,0,0,0,0,0,0,3,1,0,0,0,0,0,1,0,2,1,55.97963765789147,44.8287440022,-0.5768233181
0,1,1,0,0,1,0,0,1,0,1,4,1,0,350,0,0,0,1,0,0,1,78.51592628904197,44.8397585273,-0.5806357071
0,1,0,0,0,0,0,0,0,0,0,4,1,0,300,0,0,0,1,0,2,0,63.47478711813498,44.8247802098,-0.5524325329
0,1,1,0,0,1,1,0,0,0,1,2,1,0,0,0,0,0,0,0,0,1,41.488598081753544,44.8253758555,-0.5895955925
0,1,1,0,0,1,1,0,0,0,1,6,2,0,0,0,1,0,1,0,3,1,93.12982621824146,44.8394547719,-0.5688034649
0,1,1,0,0,0,1,0,0,0,0,2,0,5,0,5,0,0,0,0,0,1,32.707706492039186,44.82334089,-0.5671030513
0,1,1,0,0,0,0,0,0,0,0,9,3,70,800,70,0,0,1,0,4,1,166.6504238529838,44.8396326414,-0.5867653055
0,1,0,0,0,0,1,0,0,0,1,4,2,0,0,0,0,0,1,0,0,1,70.93888210381277,44.8632321844,-0.577455402
1,1,1,1,0,1,0,1,0,0,1,8,3,0,0,0,1,0,0,0,0,1,142.1604786332591,44.8401622564,-0.5841703879
1,1,0,0,0,0,0,0,0,0,1,4,2,15,0,15,0,0,1,0,2,1,82.19102379853685,44.8225536628,-0.5614289376
0,1,0,0,0,0,0,0,0,0,1,2,1,0,0,0,0,0,0,0,0,0,40.41916366088309,44.824281999,-0.5943408632
0,1,1,0,0,1,0,0,0,0,1,2,1,15,400,15,1,0,1,0,0,1,66.51272978802328,44.8370060345,-0.5691552246
0,1,1,0,0,1,0,0,0,0,0,2,1,20,500,20,0,0,0,0,1,1,65.51671264017939,44.8334587293,-0.5632178983
1,1,1,0,0,1,1,0,1,0,1,4,1,20,500,20,1,0,1,0,0,1,95.2724232409268,44.8553632252,-0.5702944688
1,1,1,0,0,1,1,1,1,0,0,6,1,10,0,10,0,0,1,0,0,1,93.67598766714096,44.8266060898,-0.5755788858
0,1,1,0,0,1,0,0,0,0,1,2,1,0,250,0,0,0,1,0,1,0,43.11010010016555,44.8247588698,-0.5614763775
0,1,1,0,0,1,0,0,0,0,1,4,2,35,500,35,0,0,0,0,3,1,95.5079360230867,44.8398392165,-0.5713884527
0,1,1,0,0,1,0,0,0,0,0,2,0,0,0,0,0,0,1,0,0,1,31.87653054339282,44.8600898596,-0.5677330915
0,1,0,0,0,0,0,0,0,0,0,2,1,0,0,0,0,0,0,0,1,1,49.69054271117156,44.8598755619,-0.6116709207
0,1,0,0,0,0,0,0,0,0,1,4,1,40,500,40,1,0,1,0,0,1,91.06638037422339,44.8469822256,-0.5728849229
0,1,1,1,0,1,0,0,0,0,1,4,1,30,200,30,0,0,1,0,0,0,66.30647129196713,44.8282589102,-0.5750436138
0,1,1,0,0,1,1,0,0,0,0,2,1,0,150,0,0,0,0,0,1,0,40.753007028546435,44.8155097964,-0.5543217651
0,1,1,0,0,1,1,0,0,0,1,2,1,30,300,30,0,0,1,0,0,1,53.375506027898254,44.8397598627,-0.6039936589
0,0,0,0,0,0,0,0,0,0,1,2,1,0,200,0,0,0,1,0,0,0,47.143684924982466,44.818044347,-0.5713709596
0,1,0,0,0,0,0,0,0,0,1,2,1,40,400,40,1,0,0,0,0,1,75.11429677412781,44.8458197379,-0.5779510895
0,1,1,0,0,0,0,0,0,0,1,4,1,0,150,0,0,0,1,0,1,0,58.32134362914718,44.8316539111,-0.5832356691
0,1,0,0,0,0,0,0,0,0,1,2,1,0,0,0,1,0,0,0,1,1,56.049974167541095,44.8383184088,-0.58139769
1,1,0,0,0,0,0,0,1,0,0,4,2,0,350,0,0,0,1,0,0,0,94.62419029881224,44.8388302918,-0.5688584277
0,1,0,0,0,0,1,0,0,0,0,2,0,0,100,0,0,0,1,0,0,1,31.065487532576274,44.8255837007,-0.573964536
0,1,1,0,0,1,0,1,0,0,0,4,2,30,200,30,0,0,1,0,0,0,85.77839942166578,44.8345776658,-0.5683492449
0,1,1,0,0,0,1,0,0,0,1,2,1,0,0,0,0,0,1,0,1,1,41.26684104550005,44.856524461,-0.5667138175
0,1,0,0,0,0,1,0,0,0,1,2,1,0,0,0,0,0,1,0,0,1,40.604282578618935,44.8673927925,-0.5533343661
1,1,1,1,0,1,0,0,0,0,1,4,1,0,0,0,0,0,1,0,0,1,66.05548986193122,44.837521564,-0.5690126059
1,1,0,0,0,1,0,0,0,0,1,2,1,7,0,7,0,0,0,0,1,1,50.402017209259576,44.8252403587,-0.5549597386
1,1,0,0,0,0,0,0,0,0,1,4,1,0,0,0,0,0,1,0,0,1,64.98095700978098,44.854730691,-0.6101098942
0,1,0,1,0,0,0,0,0,0,1,4,1,0,0,0,0,0,0,0,0,0,58.23425848310577,44.8334603524,-0.5682480646
0,1,1,0,0,1,0,0,0,0,1,2,1,0,0,0,0,0,0,0,0,0,39.17954432617455,44.843899363,-0.558314783
0,1,1,0,0,1,0,0,0,0,1,10,6,90,800,90,0,1,1,0,0,1,223.77245370110288,44.8304315669,-0.5822303399
0,0,1,1,0,0,0,0,0,0,1,2,1,0,0,0,0,0,0,0,0,0,47.47737770601877,44.8341620579,-0.564596737
1,1,1,0,0,1,0,0,0,0,1,4,1,0,350,0,1,0,1,0,2,1,81.06692269246052,44.8410333359,-0.5798718901
0,1,1,0,0,1,1,0,0,0,1,6,3,25,480,25,1,0,1,0,0,1,126.71145645779205,44.8664334639,-0.6329392366
1,1,1,0,0,1,0,1,0,0,1,6,2,35,0,35,1,1,1,0,0,1,118.87355479143574,44.8472353682,-0.5796127556
1,0,0,0,0,1,0,0,0,0,1,4,1,25,800,25,0,0,1,0,0,0,85.2977121408538,44.8272414586,-0.5969723117
0,1,1,0,0,1,1,0,0,0,1,4,2,0,250,0,1,0,1,0,2,1,84.4497719839175,44.8150043252,-0.5726308886
0,0,0,0,0,0,0,0,0,0,1,4,1,0,150,0,0,0,1,0,1,1,67.90868266813496,44.8267610899,-0.5580199988
0,1,0,0,0,1,0,0,0,0,1,2,1,30,500,30,0,0,0,0,0,1,64.22957325750694,44.8391887515,-0.5744733353
0,1,1,0,0,1,0,0,0,0,1,2,1,10,200,10,0,0,1,0,0,1,51.235758122581075,44.8356057853,-0.5704158077
1,1,0,0,0,1,1,0,0,0,1,6,2,30,650,30,1,0,1,0,0,1,120.5072672812641,44.8603626679,-0.5548059715
0,1,0,0,0,0,0,0,1,0,1,2,1,0,0,0,0,0,0,0,0,0,50.430980613538985,44.8531739748,-0.5693868397
0,1,1,0,0,1,0,0,0,0,1,2,1,10,400,10,0,0,1,0,0,1,56.38590972773071,44.8265044934,-0.5755468037
0,1,1,0,0,1,0,0,1,0,0,2,0,0,0,0,0,0,0,0,1,0,36.69429153561008,44.8520153292,-0.5807101501
0,1,0,0,0,0,0,0,0,0,1,2,1,0,0,0,0,0,1,0,0,1,45.23002072671884,44.8358646965,-0.5755048996
0,0,0,0,0,0,0,0,0,0,0,2,0,30,500,30,0,0,0,0,1,1,57.71618470727201,44.8371921136,-0.5749572213
0,1,1,0,0,1,0,0,0,0,1,9,5,50,500,50,0,0,1,0,0,1,180.9297328150835,44.8536155356,-0.5874041686
0,1,0,0,0,0,1,0,0,0,1,4,2,0,200,0,1,0,1,0,0,0,78.23345930286553,44.8408361596,-0.5491561275
0,1,0,0,0,0,0,0,0,0,1,3,1,15,200,15,0,0,1,0,0,0,54.33865943400324,44.8312859415,-0.5674455607
0,0,1,0,0,0,0,0,0,0,0,3,0,10,400,10,0,0,0,0,0,0,53.19533432394487,44.8311506001,-0.5950087782
0,1,0,0,0,0,1,0,0,0,1,4,1,10,0,10,0,0,1,0,0,1,58.20043033940397,44.855906804,-0.5741499656
0,1,1,1,0,1,1,0,0,0,0,2,1,0,200,0,0,0,1,0,0,1,49.54875307713127,44.8276232169,-0.5711742228
0,1,0,0,0,0,0,0,1,0,1,3,1,0,0,0,0,0,0,0,0,1,65.11624383489983,44.8501895762,-0.5702386071
1,1,1,0,0,1,0,0,0,0,1,4,1,0,250,0,0,0,1,0,0,1,70.17902718150948,44.8359029238,-0.5754838718
0,1,1,0,0,1,1,0,0,0,1,3,2,35,400,35,1,0,1,0,0,0,81.72673819459864,44.8326922075,-0.5624748236
0,1,1,1,0,1,0,0,0,0,1,4,2,20,250,20,0,0,1,0,0,0,80.33246095766334,44.8692369399,-0.5491850293
0,1,1,0,0,1,0,0,0,0,1,4,1,40,150,40,1,0,0,0,1,1,82.55473167374322,44.8467247991,-0.5865102504
0,0,0,0,0,1,0,0,0,0,1,2,2,0,0,0,1,0,1,0,1,1,70.17262402012824,44.8478821972,-0.5756307373
0,1,0,0,0,1,1,0,0,0,1,2,1,10,120,10,0,0,1,0,0,1,43.5042019709373,44.8242810138,-0.608615352
0,0,0,1,0,0,0,0,0,0,1,3,0,0,0,0,0,0,0,0,0,0,39.34843477238677,44.8383514265,-0.5762356817
0,1,1,0,0,0,0,0,0,0,0,2,0,0,0,0,0,0,0,0,0,1,36.285842077428526,44.8461446512,-0.5818295474
0,1,0,0,0,1,0,0,0,0,1,2,1,0,0,0,0,0,0,0,0,0,38.13378696469054,44.8301309481,-0.5594087834
0,1,0,0,0,0,0,0,0,0,1,2,1,0,0,0,1,0,1,0,1,0,46.991247426019044,44.8381781067,-0.5747572593
0,1,0,1,0,1,0,0,0,0,1,3,1,20,400,20,0,0,0,0,2,1,68.85751804484593,44.8370919774,-0.5670555283
1,0,1,0,0,1,0,0,0,0,0,1,1,0,0,0,0,0,0,0,0,0,42.097157194196186,44.8374495592,-0.5708243499
0,1,0,0,0,0,0,0,1,0,1,4,2,0,300,0,0,1,1,0,0,1,97.45420938139148,44.832829871,-0.5617281621
0,1,0,0,0,0,1,0,0,0,1,2,1,8,0,8,0,0,0,0,0,1,44.40438151679899,44.8403981192,-0.608381068
1,1,1,1,0,0,0,0,0,0,0,3,1,20,200,20,0,0,0,0,0,1,74.77467797548934,44.8469029419,-0.5787196079
0,1,0,0,0,1,0,0,0,0,1,3,1,0,250,0,0,0,1,0,1,1,56.749605960042395,44.8454674271,-0.5805221686
0,0,0,0,0,0,0,0,0,0,1,3,1,13,100,13,0,0,1,0,0,0,55.04284710313708,44.8290855474,-0.5688713318
0,1,0,0,0,1,0,0,0,0,1,4,2,0,450,0,0,0,1,0,2,0,77.16589497442213,44.8351236562,-0.5703218886
0,1,1,0,0,0,0,0,0,0,0,2,1,0,0,0,0,0,1,0,0,1,48.995564129415314,44.8546582957,-0.5774678688
0,1,1,0,1,1,0,0,0,0,1,1,1,50,1000,50,1,0,1,0,0,1,98.30131766605462,44.8226056713,-0.5648973776
0,0,0,0,0,0,0,0,0,0,0,2,1,0,300,0,0,0,0,0,0,1,61.49727351029179,44.8323071639,-0.5676555755
0,1,1,1,0,1,0,0,0,0,1,3,1,30,150,30,0,0,0,0,0,1,66.32718881451981,44.8446743148,-0.5894544172
1,1,1,1,0,1,0,0,0,0,1,2,0,30,400,30,1,0,0,0,1,1,63.12676236412232,44.8367306592,-0.5787770769
0,0,0,0,0,0,0,1,0,0,0,2,0,0,0,0,0,0,0,0,1,1,42.787827703649526,44.8375521345,-0.5753065853
0,1,0,0,0,1,1,0,0,0,1,4,1,10,0,10,0,0,1,0,0,1,55.91505364321142,44.8572066229,-0.5869939107
0,1,1,0,0,1,0,0,0,0,1,2,1,0,0,0,1,0,0,0,0,1,55.19355372743545,44.8232239382,-0.5643945803
0,1,0,0,0,0,0,0,0,0,1,2,1,0,0,0,0,1,0,0,0,0,44.57170842998154,44.8484156199,-0.5861704374
1,1,1,0,0,1,0,1,0,0,1,2,1,30,300,30,0,0,0,0,0,1,68.60781004705458,44.8427223783,-0.5736037463
0,1,1,0,0,1,0,0,0,0,1,6,3,80,1000,80,0,1,1,1,0,0,152.98244507438397,44.8464663466,-0.5951756394
0,1,1,0,0,1,1,0,0,0,1,4,1,0,700,0,1,0,1,0,0,1,81.97035399488003,44.8532676372,-0.5846853514
1,1,1,0,0,0,0,0,0,0,0,2,1,25,300,25,0,0,0,0,0,1,68.332732836234,44.8369272312,-0.5669542597
0,1,0,0,0,0,1,0,1,0,0,1,1,0,0,0,0,0,0,0,0,0,40.77455718896959,44.8495850523,-0.6002812171
0,1,1,0,0,1,1,0,0,0,0,2,0,12,200,12,0,0,1,0,0,1,34.915190150947915,44.8329558331,-0.5796793109
1,1,1,0,0,1,0,0,0,0,1,4,2,0,2000,0,0,0,1,0,3,1,128.92691393259008,44.8385198504,-0.573174671
1,1,0,0,0,0,0,1,0,0,0,4,1,0,400,0,0,0,0,0,0,1,84.3576184846509,44.837694915,-0.5737127741
0,1,1,0,0,1,1,0,0,0,0,2,1,0,0,0,0,0,1,0,0,1,42.08444928512286,44.8321497729,-0.5930581377
0,1,0,0,0,1,1,0,0,0,1,4,1,0,500,0,0,0,0,0,0,1,68.81916236850753,44.8639933315,-0.5702293245
0,1,0,0,0,1,0,0,0,0,1,2,1,0,200,0,0,0,0,0,0,1,50.21873047351908,44.8251067148,-0.5779647081
1,1,0,0,0,0,0,0,0,0,1,3,1,0,500,0,0,0,0,0,2,1,71.46340175361048,44.8460183523,-0.5808002781
1,1,0,0,0,0,1,0,0,0,0,3,2,0,500,0,0,0,1,0,0,0,76.09877758423673,44.852065118,-0.578875754
0,1,0,0,0,0,1,0,0,0,1,4,1,0,200,0,0,0,1,0,0,0,54.32058491545357,44.8322354992,-0.568151571
0,1,0,0,0,0,1,0,0,0,1,5,2,30,150,30,1,0,1,0,0,1,97.91679999920237,44.8478533215,-0.6171206338
0,1,1,0,0,1,1,0,0,0,1,6,2,30,500,30,0,0,1,0,0,1,104.36119979360564,44.8203539866,-0.5503862093
0,1,1,0,0,1,1,0,0,0,1,4,2,20,700,20,0,0,1,0,0,0,84.98041173429135,44.827157353,-0.5858315619
0,1,0,0,0,0,1,0,0,0,1,4,1,0,400,0,0,0,0,0,2,1,67.76306547291946,44.859450784,-0.5600854968
0,0,0,0,0,0,0,0,0,0,0,2,0,7,150,7,0,0,0,0,0,0,37.33285460071552,44.8318037081,-0.5689514686
0,0,0,0,0,0,0,0,0,0,0,2,1,5,0,5,0,0,0,0,0,0,47.88485676159901,44.8431434501,-0.5856580015
1,1,1,1,1,1,1,1,0,0,1,4,1,0,300,0,1,0,1,0,0,1,99.22222044594318,44.8335404012,-0.5710276759
0,1,1,0,0,1,1,0,0,0,0,2,0,0,0,0,0,0,1,0,0,0,20.316000491614012,44.8213988556,-0.5755112333
0,1,1,0,0,1,0,0,0,0,1,4,1,0,500,0,0,0,1,0,0,1,72.3667230402483,44.8333120975,-0.5755173273
0,0,1,0,0,0,0,0,0,0,0,2,1,25,1000,25,0,0,0,0,0,1,85.80657430335238,44.8415874952,-0.5722512853
1,1,0,0,0,1,0,0,0,0,1,4,1,20,200,20,0,0,1,0,0,1,72.03614216958033,44.855213509,-0.5696564628
0,1,0,0,0,0,1,0,0,0,1,3,2,30,0,30,0,0,1,0,0,1,69.47402616239424,44.8576942789,-0.610115262
0,1,0,0,0,0,0,0,0,0,1,4,2,5,0,5,0,0,0,0,0,0,71.8013657487875,44.8279846572,-0.5687242984
0,1,1,0,0,1,0,0,0,0,1,6,4,0,1500,0,0,0,1,0,0,1,158.11939437085022,44.8230812982,-0.5588256434
0,0,0,0,0,0,1,0,0,0,0,3,2,0,0,0,0,0,1,0,0,0,62.671709420457276,44.8613817868,-0.6172143948
0,1,1,0,0,1,0,0,0,0,1,4,1,0,0,0,0,0,1,0,0,1,59.491344027374204,44.8333970593,-0.5760617242
1,1,0,0,0,0,0,0,0,0,1,3,1,12,400,12,0,0,0,0,0,1,72.16896989074682,44.8607971904,-0.5590635954
0,1,1,0,0,1,0,0,0,0,0,4,1,0,0,0,0,0,1,0,0,1,62.21113006858666,44.8313339469,-0.5744067182
1,1,1,1,0,1,0,0,0,0,0,4,1,35,0,35,0,0,1,0,0,1,76.10849384211767,44.8279606091,-0.5601825026
1,1,0,0,0,0,1,0,0,0,1,4,2,50,500,50,0,0,1,0,2,1,97.77388260228501,44.8396261789,-0.5749005108
0,1,1,1,0,1,0,0,0,0,1,4,2,5,500,5,0,0,1,0,2,1,89.7957368904418,44.8528969589,-0.5725066234
1,1,0,0,0,0,1,0,0,0,1,7,5,150,2000,150,0,0,1,0,0,1,225.87085330686014,44.8463269329,-0.5881492926
0,1,0,0,0,0,0,0,0,0,1,5,2,40,200,40,0,1,1,0,0,1,100.99860844552725,44.8270695381,-0.5606623735
1,1,1,0,0,1,1,0,0,0,1,2,1,0,0,0,1,0,1,0,0,1,52.69387438919063,44.8557556035,-0.5658186397
0,1,0,0,0,0,0,0,0,0,0,2,1,0,0,0,0,0,1,0,0,0,41.01501486425241,44.8325892069,-0.5902440977
1,1,1,0,0,1,0,0,0,0,0,4,1,15,250,15,0,0,1,0,0,1,76.04162091085365,44.8324618062,-0.5775023784
0,1,0,0,0,0,0,0,0,0,1,2,1,30,150,30,0,0,1,0,0,1,55.37824980684448,44.8168852489,-0.571907933
0,1,1,0,0,1,0,0,0,0,1,2,1,10,150,10,0,1,0,0,0,1,56.22469982823526,44.8456083834,-0.5827846213
0,1,1,0,0,1,1,0,0,0,1,4,2,0,400,0,0,0,1,0,2,1,79.23316819019772,44.8389203267,-0.567857429
0,1,0,0,0,0,0,0,1,0,1,4,2,0,1000,0,1,0,1,0,4,1,118.8736171494872,44.8504720556,-0.571754079
0,1,0,0,0,0,0,0,0,0,1,3,1,0,0,0,0,0,1,0,1,0,45.66250124611899,44.8328314597,-0.5756359869
1,1,0,0,0,0,1,0,0,0,0,4,2,0,500,0,0,0,1,0,0,1,90.78404080559758,44.8285441099,-0.5586310457
0,1,1,0,0,0,0,0,0,0,1,4,1,10,400,10,0,0,1,0,0,1,74.17222905928718,44.8366859943,-0.5745090793
0,1,1,1,0,1,0,0,0,0,0,2,1,0,0,0,0,0,0,0,2,0,43.44708476504,44.8439139455,-0.5517513161
0,0,0,0,0,0,0,0,0,0,0,1,1,0,0,0,0,0,0,0,1,0,38.70358398660359,44.8149046951,-0.564639354
0,1,1,0,0,1,1,0,1,0,1,5,2,0,1500,0,1,0,1,0,0,1,135.16690557564638,44.8445409464,-0.5776650228
0,1,0,0,0,0,0,0,0,0,0,2,1,0,0,0,0,0,0,0,1,1,49.69054271117156,44.8361663344,-0.569873188
0,1,0,0,0,1,1,0,0,0,1,2,1,0,542,0,0,0,0,0,1,1,54.01655267562216,44.8597634709,-0.5619352513
0,1,1,0,0,0,0,0,0,0,0,2,1,0,500,0,0,0,0,0,1,0,56.676887181850766,44.8488015931,-0.5820959539
0,1,0,0,0,0,0,0,0,0,0,2,1,0,0,0,0,0,0,1,1,1,58.28323544862071,44.8276851752,-0.5935164418
1,1,0,0,0,0,0,0,1,0,1,4,1,10,400,10,0,0,0,0,1,1,89.12901824139755,44.8760091765,-0.5710957902
0,1,1,0,0,1,0,1,0,0,1,2,1,50,300,50,0,0,0,0,1,1,68.16502775559573,44.8485914293,-0.5698022393
1,1,0,0,0,0,0,0,0,0,1,2,1,0,0,0,0,0,0,0,1,1,51.220750317657334,44.8385848372,-0.5671010258
1,1,1,0,0,0,0,0,1,0,0,2,1,0,0,0,0,0,1,0,0,1,63.25737472976945,44.8253495039,-0.5691554618
1,1,0,0,0,0,0,0,0,0,1,4,1,40,300,40,1,0,0,0,0,1,92.29015725461514,44.8390932648,-0.5801143486
0,1,0,0,0,1,0,0,0,0,1,4,1,0,86,0,0,0,1,1,0,1,69.25284459355368,44.833647067,-0.5848996604
1,1,1,0,0,1,0,0,0,0,0,3,1,15,200,15,0,1,1,0,0,1,71.15615646098274,44.8375819295,-0.5766581748
0,1,0,0,0,0,0,0,0,0,1,6,3,20,300,20,0,1,1,0,0,0,115.0326103010928,44.8307542127,-0.561922469
0,1,1,0,0,1,0,0,0,0,1,5,1,10,150,10,0,0,1,0,0,1,73.19963417433952,44.8321226444,-0.5652147348
0,1,0,0,0,0,0,0,0,0,1,4,1,0,0,0,0,0,1,0,2,1,59.96456557287695,44.8414945056,-0.5829455306
0,1,1,0,0,0,0,0,0,0,1,2,1,0,0,0,0,0,1,0,0,1,46.275778088202856,44.838787155,-0.567676176
0,1,1,0,0,0,0,0,0,0,0,2,1,0,100,0,0,1,0,0,0,1,57.84711953893173,44.8326257483,-0.5725134734
0,1,0,0,0,0,0,0,0,0,0,2,0,0,200,0,0,0,0,0,0,1,40.39023632109415,44.8379733196,-0.5683054161
1,1,1,0,0,1,0,0,0,0,0,4,3,0,0,0,0,0,1,0,0,1,96.12843749594478,44.8425704081,-0.5891582921
0,1,0,0,0,1,0,0,0,0,1,4,1,0,85,0,0,0,1,0,0,1,60.63440109807879,44.8324924818,-0.5924928026
0,1,0,0,0,1,0,0,0,0,1,3,2,30,350,30,0,0,1,0,0,1,80.82715292331346,44.842807238,-0.5799768316
0,1,1,0,0,1,0,0,0,0,0,2,0,10,250,10,0,0,1,0,0,0,33.4746332715721,44.8339304139,-0.5745209992
0,1,1,0,0,1,0,0,0,0,1,2,0,15,0,15,0,0,0,0,0,0,27.488695124476312,44.8396565574,-0.5729646183
0,0,1,0,0,0,1,0,0,0,1,2,1,0,200,0,1,0,0,0,0,0,54.76685647379171,44.8437588558,-0.5578918241
0,1,1,0,0,1,0,0,0,0,1,6,3,0,500,0,0,0,1,0,3,1,116.38538277146341,44.8381194916,-0.573628847
1,1,1,0,0,1,1,0,1,0,1,6,4,0,0,0,0,1,1,0,5,0,124.43108817688723,44.8274997534,-0.5965771844
1,1,1,0,0,1,0,0,1,0,1,2,1,15,250,15,1,1,0,0,1,0,75.87041549317499,44.8265781111,-0.5718520766
0,0,0,0,0,1,0,0,0,0,1,2,1,0,0,0,1,0,1,0,0,0,48.78737412122227,44.8464988028,-0.5915867571
0,1,0,0,0,1,0,0,0,0,0,1,1,15,90,15,0,0,0,0,0,0,38.56347759867009,44.8279670662,-0.590516236
0,1,0,1,0,0,1,0,0,0,0,2,0,0,150,0,0,0,1,0,0,1,34.66717762072246,44.8235946877,-0.5646269322
0,1,0,0,0,0,0,0,0,0,0,4,1,40,200,40,0,1,1,0,1,0,73.81627548094603,44.8485675626,-0.5830152404
0,1,1,1,0,1,0,0,0,0,1,4,1,40,500,40,0,0,1,0,0,1,83.06169572879162,44.8311404422,-0.5781873242
0,1,1,1,0,1,0,0,0,0,1,2,1,5,200,5,1,0,1,0,0,1,61.58152524431129,44.8297706194,-0.5778996648
0,1,1,0,0,0,1,0,0,0,0,4,1,20,0,20,0,0,1,0,1,1,63.677979972918685,44.8619262083,-0.5590794238
0,1,0,0,0,1,0,0,0,0,1,5,2,10,300,10,0,0,1,0,0,1,90.85014740654768,44.8302594995,-0.5625174687
0,1,1,0,0,1,0,0,1,0,1,6,4,60,500,60,0,1,1,1,0,1,167.69692155683234,44.8317862576,-0.5929519534
0,1,0,0,0,0,1,0,0,0,1,3,1,0,300,0,0,0,1,0,2,0,48.37879161114065,44.8292761606,-0.5770586316
0,1,1,0,0,0,0,0,0,0,0,4,1,0,200,0,0,0,1,0,0,0,62.71186646624996,44.8343301818,-0.5739824181
0,1,0,0,0,0,1,0,0,0,1,4,2,0,400,0,1,0,1,0,0,1,90.31840281169406,44.8250894549,-0.57779982
1,1,0,0,0,1,0,0,0,0,1,4,2,0,0,0,0,0,0,0,0,1,79.65317204126153,44.8427072532,-0.5737750594
0,0,0,0,1,0,0,0,0,0,1,2,1,0,0,0,0,0,0,0,0,0,60.87285459896637,44.8397764657,-0.5730139649
0,1,0,0,0,0,0,0,0,0,1,8,4,50,400,50,0,0,0,0,0,1,159.1340829775485,44.849979042,-0.6009684997
1,1,1,0,0,1,0,0,0,0,1,2,1,0,300,0,1,0,0,0,0,0,60.23398287917925,44.8616478282,-0.5574397093
0,1,1,0,0,1,0,0,0,0,1,2,1,0,0,0,0,0,0,0,1,1,45.73113733525056,44.8270063412,-0.5597085464
0,1,0,0,0,0,0,0,0,0,1,1,1,7,0,7,0,0,0,0,0,1,41.070127834674835,44.8335540482,-0.5626752133
0,1,1,0,0,0,0,0,0,0,1,2,1,0,0,0,0,0,0,0,1,0,41.08172212776421,44.8386433878,-0.571083357
0,1,0,0,0,0,0,0,1,0,1,4,2,0,1500,0,1,0,0,0,2,1,134.63932878941023,44.8402144557,-0.5867802409
0,0,0,0,0,0,0,0,0,0,0,2,0,49,250,49,0,0,1,0,0,1,53.518648995894864,44.8380829666,-0.5754815447
0,1,0,0,0,1,0,0,0,0,1,4,1,10,0,10,0,0,1,0,0,1,60.54079179131133,44.8308614094,-0.564642618
0,1,0,0,0,1,0,0,0,0,1,5,3,100,1500,100,1,1,1,0,0,1,168.67332232274615,44.8461163487,-0.5867361324
1,1,0,1,0,0,0,0,1,0,1,2,1,0,0,0,0,0,0,0,1,1,63.54671945717202,44.8424869586,-0.5812565422
1,1,0,0,0,1,0,0,0,0,1,4,1,15,200,15,0,0,1,0,0,1,70.98853960686976,44.8619774444,-0.6166236863
0,1,1,0,0,1,1,1,0,0,1,8,3,0,2000,0,1,0,1,1,0,1,188.94086860170452,44.8552472033,-0.6363027813
0,1,0,0,0,0,0,0,0,0,1,2,1,15,200,15,0,0,0,0,0,0,48.712122954164435,44.8419641389,-0.5576986285
0,1,0,0,0,0,0,0,0,0,1,2,1,0,200,0,0,0,1,0,1,0,43.06218153358668,44.8342062256,-0.5689791523
0,1,1,0,0,1,1,0,0,0,1,6,2,15,500,15,0,0,1,0,0,1,101.21839210547394,44.8346147948,-0.5737030485
0,0,0,0,0,0,0,0,0,0,0,7,3,0,0,0,0,0,0,0,0,0,115.25692456695808,44.8438950197,-0.5825348711
0,1,1,0,0,1,0,0,0,0,0,2,1,0,0,0,0,0,0,0,0,1,48.834122271065915,44.8290077251,-0.5734871451
0,1,0,0,0,0,0,0,0,0,0,1,0,0,0,0,0,0,0,0,0,0,20.55482149458366,44.8385567588,-0.5868692384
0,0,0,0,0,0,1,0,0,0,1,4,1,10,400,10,0,0,0,0,0,1,74.32297288433928,44.8469126114,-0.5420847536
0,1,0,0,0,0,0,0,0,0,0,4,1,0,300,0,0,0,0,0,0,1,73.2999116488628,44.8257537029,-0.5640708399
0,1,1,0,0,1,0,0,1,0,1,6,2,30,200,30,1,0,1,0,0,1,120.35274498421899,44.8321055833,-0.5690621939
0,0,0,0,0,0,1,0,0,0,1,4,1,0,0,0,0,0,1,0,0,1,59.80352971077572,44.8529713831,-0.5428768492
0,1,0,0,0,0,0,0,0,0,1,4,1,0,95,0,1,0,1,0,0,1,72.25650287211081,44.8405546194,-0.5721573704
1,1,1,0,0,0,1,0,0,0,1,2,1,10,200,10,0,0,1,0,1,1,52.76219142376906,44.8525726786,-0.5404591129
0,1,0,0,0,0,1,0,0,0,1,4,1,0,0,0,0,0,1,0,0,1,56.105225213982834,44.8162226636,-0.5519821985
0,1,1,0,0,0,0,0,0,0,1,2,1,0,0,0,0,0,0,0,0,0,41.4649210223671,44.8345019818,-0.5626215218
0,1,1,0,0,1,0,0,0,0,1,6,1,0,500,0,0,0,1,0,0,0,80.9328737719333,44.8314778291,-0.5659548853
0,1,0,0,0,0,0,0,0,0,1,6,2,49,250,49,0,0,1,0,0,1,107.7697575082772,44.8396637987,-0.5848554806
0,1,0,0,0,0,0,0,0,0,1,2,1,0,0,0,0,0,0,0,0,0,40.41916366088309,44.8305826062,-0.5668880357
0,1,1,0,0,1,1,0,0,0,1,4,1,15,0,15,0,0,0,0,1,1,59.749149510646255,44.8311755513,-0.5943604604
0,1,0,0,0,0,0,0,0,0,0,1,1,0,0,0,0,0,1,0,0,0,33.26454354657045,44.8242173233,-0.5691839611
1,1,1,0,0,1,0,0,1,0,1,6,3,50,500,50,0,0,1,0,0,1,142.2728156827319,44.8235122345,-0.5832549205
0,1,1,0,0,1,0,0,0,0,1,3,0,0,250,0,0,0,1,0,0,1,43.34490532629936,44.8425354593,-0.584056415
0,1,1,0,0,0,0,0,0,0,1,2,0,12,0,12,0,0,0,0,1,0,28.762311388439628,44.8303876127,-0.5770237345
0,1,1,0,0,0,1,0,1,0,1,4,2,45,110,45,1,1,0,0,0,1,109.6131599697037,44.8511554416,-0.5692813727
0,1,0,0,0,0,0,1,0,0,1,4,2,0,0,0,0,0,1,0,2,1,79.03085984822192,44.8288578709,-0.5583907778
0,1,1,0,0,1,0,0,0,0,1,4,2,0,500,0,0,0,1,0,0,1,87.20037993007824,44.8395147418,-0.5887843286
0,0,1,0,0,1,0,0,0,0,1,2,1,0,1500,0,1,0,0,0,0,1,97.51799526285062,44.847652646,-0.574497073
0,1,1,0,0,1,0,0,0,0,1,1,1,10,500,10,0,0,0,0,0,1,53.33444905046673,44.8221780048,-0.5647987713
0,1,0,0,0,0,0,0,0,0,1,2,1,0,300,0,0,0,0,0,0,0,48.14439106860755,44.8413545626,-0.5474363656
0,1,0,0,0,0,0,0,0,0,0,2,0,0,0,0,0,0,0,0,1,0,27.922093917662714,44.8326753685,-0.5650164891
0,1,1,0,0,0,0,0,0,0,0,4,1,0,0,0,0,0,1,0,3,1,63.34691008097053,44.8581305094,-0.557654129
1,1,1,0,0,1,0,0,1,0,1,2,1,0,0,0,0,0,0,0,1,1,59.9929479356047,44.8473962805,-0.5806579395
0,1,0,0,0,0,1,0,0,0,0,4,1,50,400,50,0,0,1,0,0,1,79.60134009260025,44.8223609749,-0.6057317668
0,1,0,0,0,0,0,0,0,0,1,4,1,0,0,0,0,0,1,0,2,1,59.96456557287695,44.8365558017,-0.5693323216
0,0,1,0,0,0,0,0,0,0,0,2,1,0,0,0,0,0,0,0,0,0,47.88301156037245,44.8541514345,-0.5718881761
0,1,1,1,0,1,0,0,0,0,1,7,3,70,700,70,1,1,1,0,0,1,160.64795270959087,44.8513745668,-0.5738821442
0,1,0,0,0,0,0,0,0,0,1,2,1,50,150,50,1,0,0,0,1,1,70.388613498509,44.8408591239,-0.572627553
1,1,0,0,0,1,0,0,0,0,1,2,1,0,0,0,0,0,1,0,1,1,46.81143878362163,44.8482908148,-0.5721640201
0,1,1,0,0,0,0,0,0,0,1,2,1,0,200,0,0,0,0,0,1,1,53.16666563659275,44.850208616,-0.5718052501
0,1,0,0,0,1,0,0,0,0,1,5,2,50,1000,50,0,0,1,0,2,0,109.55530883337127,44.8522976506,-0.5706244406
0,0,1,0,0,0,0,0,1,0,0,2,1,0,0,0,0,0,0,0,0,1,64.82962041670724,44.8402865055,-0.5765177918
1,1,0,0,0,0,1,0,0,0,1,2,1,35,450,35,1,0,1,0,0,1,72.85455277445983,44.8598565042,-0.5745701843
0,0,0,0,0,0,0,0,0,0,1,2,1,0,0,0,0,0,0,0,1,1,50.66906116675198,44.8345585467,-0.5618395896
1,1,1,0,0,1,1,0,0,0,1,6,3,0,0,0,1,0,0,0,0,1,115.48700827742147,44.8535504077,-0.5681724263
0,1,1,0,0,1,0,0,0,0,1,4,1,10,500,10,1,0,1,0,0,1,83.54114566325144,44.8447824141,-0.5881138894
0,0,1,0,0,1,0,0,0,0,1,2,1,30,200,30,0,0,0,0,0,0,54.313615804380476,44.8424412222,-0.58240677
0,1,1,0,0,0,0,0,0,0,0,2,1,0,0,0,0,0,0,0,0,1,51.119498967258465,44.8377102239,-0.5716890534
0,1,0,0,0,1,0,0,0,0,1,2,1,0,500,0,1,0,0,0,1,1,66.63997648422264,44.8425413516,-0.585572677
1,1,1,0,0,1,1,0,0,0,1,3,1,20,500,20,0,0,1,0,0,1,68.43091747300694,44.8525358542,-0.5748448379
0,1,0,0,0,0,0,0,0,0,1,3,1,0,0,0,0,0,1,0,1,1,52.5972931497979,44.8303526442,-0.560911264
0,0,0,0,0,0,0,0,0,0,1,4,2,50,300,50,0,0,1,0,0,1,97.4641777835357,44.8583758041,-0.5662099228
0,1,1,0,0,0,1,0,0,0,0,2,0,30,150,30,0,0,0,0,1,0,34.490342211172454,44.8120143175,-0.5697657518
0,1,0,0,0,0,0,0,0,0,0,4,2,0,500,0,0,0,1,0,2,1,90.39338751679345,44.8459553816,-0.5775065698
0,1,1,0,0,1,1,0,0,0,1,2,1,5,0,5,1,0,0,0,0,1,51.61541814204611,44.8390682434,-0.6200522472
0,1,0,0,0,0,0,0,0,0,0,2,0,0,0,0,0,0,0,0,1,0,27.922093917662714,44.8362200112,-0.5679888051
1,1,0,0,1,0,0,0,0,0,1,4,2,0,0,0,1,0,1,0,0,1,105.64921783848331,44.8323484591,-0.5735960049
0,1,1,0,0,0,0,0,0,0,1,2,0,20,500,20,0,0,0,0,1,1,50.24864640532954,44.8506207478,-0.5704076974
0,1,1,0,0,0,0,1,0,0,1,8,4,20,4001,20,0,0,1,0,4,1,247.19861158274864,44.8312122832,-0.5799219068
0,1,1,0,0,1,0,1,0,0,1,4,2,40,1500,40,0,1,1,0,0,1,129.71714061212447,44.8414256374,-0.5725745923
0,0,0,0,0,1,0,0,1,0,1,6,1,0,180,0,0,0,1,0,3,1,91.14219051152887,44.8406908238,-0.5508840036
0,0,0,0,0,0,0,0,0,0,1,2,1,0,0,0,0,0,0,0,1,0,43.73426926307308,44.8389536588,-0.5742546333
0,0,0,0,0,0,1,0,0,0,1,6,2,30,600,30,1,0,0,0,0,0,116.14255985942813,44.8228417746,-0.605533644
0,1,1,1,0,1,0,1,0,0,1,4,1,30,300,30,0,0,1,0,1,1,79.66577748913298,44.8337836366,-0.5701813088
0,1,1,0,0,1,0,0,1,0,1,2,1,0,100,0,0,0,1,0,1,1,56.19409525263813,44.8439629901,-0.5863844851
0,1,1,0,0,1,1,0,0,0,1,5,1,0,0,0,1,0,1,0,2,1,70.92889690533245,44.8235715551,-0.5503003973
0,0,0,0,0,1,0,0,0,0,0,2,0,5,150,5,0,0,0,0,1,0,34.24523798483585,44.8265109813,-0.5720410058
0,0,1,0,0,1,0,0,0,0,1,2,1,0,400,0,1,0,0,0,0,1,69.1921614345276,44.8174938279,-0.5742425608
0,0,1,0,0,1,0,0,0,0,1,4,2,0,0,0,0,0,0,0,0,1,80.14724025184017,44.8425391965,-0.5775684663
0,1,1,1,0,0,0,0,0,0,1,2,1,0,0,0,0,0,0,0,1,1,50.33066621830189,44.8375908104,-0.5916176228
0,1,0,0,0,0,0,0,0,0,0,2,1,0,0,0,0,0,0,0,1,0,42.75575080749266,44.8564595628,-0.5674597056
0,1,0,0,0,0,0,0,0,0,1,2,1,0,0,0,0,0,1,0,0,1,45.23002072671884,44.8656257602,-0.5520802481
0,1,1,0,0,1,1,0,1,0,1,3,1,20,150,20,0,0,1,0,0,1,65.17997546895273,44.8252273871,-0.5879502407
0,1,1,0,0,1,0,0,0,0,0,4,1,30,500,30,0,0,1,0,2,1,80.60572666851839,44.8424002453,-0.586589506
0,1,1,0,0,1,0,0,0,0,0,4,0,0,150,0,0,0,1,0,0,1,51.240086882618954,44.8340247385,-0.5744961224
0,1,0,0,0,0,1,1,0,0,0,2,1,0,100,0,0,0,0,0,2,0,44.5545269528797,44.8120344635,-0.5725963949
0,1,0,0,0,0,0,1,1,0,1,2,0,0,0,0,0,0,0,0,0,1,46.76475301290297,44.8476832123,-0.6124619515
1,1,1,0,0,1,1,0,0,0,0,4,2,0,400,0,0,0,1,0,0,1,86.96934566831422,44.857355835,-0.6141413955
0,0,0,0,0,0,1,0,0,0,1,2,1,0,200,0,0,0,0,0,0,1,51.576673518404604,44.8561925896,-0.5679732785
0,1,0,0,0,0,0,0,0,0,1,4,1,0,500,0,0,0,1,0,3,0,65.52195378746924,44.8396729529,-0.5589542342
1,1,0,0,0,0,0,0,0,0,1,2,1,0,0,0,0,0,0,0,0,1,51.603949212260225,44.8401074744,-0.5840497476
0,1,0,0,0,0,1,0,0,0,1,2,1,0,0,0,0,0,0,0,1,0,35.41022661818029,44.8526472094,-0.6097884127
0,1,0,0,0,1,1,0,0,0,1,3,1,25,300,25,0,0,1,0,2,1,58.26621963217985,44.8432624048,-0.5714945071
0,1,1,0,0,1,1,0,1,0,1,2,1,0,0,0,0,0,0,0,1,1,51.117216139806544,44.8647249079,-0.5516742428
0,1,1,0,0,0,0,0,0,0,0,2,1,0,0,0,0,0,0,0,0,0,44.184707063579566,44.8328992726,-0.5624175969
1,1,1,1,0,1,1,0,0,0,1,3,1,25,500,25,1,0,1,0,0,1,80.87188972015831,44.8631892979,-0.5680603825
1,1,1,0,0,1,0,0,0,0,1,4,1,12,300,12,0,0,1,0,0,1,73.98081123330226,44.821177576,-0.573699693
0,1,1,1,0,1,0,0,0,0,1,4,2,5,200,5,0,0,0,0,0,0,78.02605020608738,44.8269532373,-0.5678011232
0,1,0,0,0,0,1,0,0,0,1,3,1,0,0,0,0,0,1,0,0,1,48.354753896300885,44.8315967276,-0.5829299768
1,1,1,1,0,1,0,0,0,0,1,2,1,0,0,0,0,0,1,0,0,1,50.554547226567315,44.8395606395,-0.5999448298
0,1,0,0,0,0,0,0,0,0,1,6,2,30,500,30,0,0,1,0,0,1,110.2265572764141,44.836338649,-0.5679959736
1,1,1,0,0,1,0,0,0,0,1,3,1,20,0,20,0,0,0,0,1,0,54.98722064779411,44.830690967,-0.5691990119
0,1,1,0,0,0,0,0,0,0,1,2,1,0,0,0,0,0,1,0,0,0,39.340986184523956,44.8348740235,-0.5660707482
0,1,1,0,0,1,0,0,0,0,0,2,1,0,349,0,0,0,1,0,0,0,48.76241008052998,44.8402209744,-0.5700240397
0,1,1,0,0,1,0,0,0,0,1,2,1,0,0,0,0,0,1,0,0,1,43.9904013920103,44.8400747946,-0.5786125415
0,1,0,0,0,0,1,0,0,0,0,4,1,20,0,20,0,0,1,0,2,1,62.24902371683178,44.8272377092,-0.5822588064
0,1,1,1,0,1,0,0,0,0,0,2,1,20,150,20,0,0,0,0,0,1,59.20129841262919,44.8359912363,-0.5706419064
0,1,1,0,0,1,1,0,0,0,1,2,1,0,150,0,0,1,1,0,0,1,47.379821716871064,44.8153359377,-0.5647403187
0,1,1,0,0,1,0,0,0,0,1,6,2,0,0,0,0,0,1,0,3,1,88.67634686875937,44.8265126259,-0.566517082
1,1,1,0,0,0,0,0,0,0,0,6,2,0,0,0,0,0,1,0,0,1,99.0810999376713,44.8387268857,-0.5727360759
0,1,1,1,0,1,1,1,0,0,1,3,1,25,500,25,0,0,1,0,3,1,70.6257192765844,44.8567199003,-0.5633578951
0,1,1,1,0,1,0,0,0,0,1,2,1,0,0,0,0,0,0,0,0,0,41.49369651303333,44.8517610823,-0.5751202865
0,1,1,0,0,1,0,0,0,0,0,2,0,30,500,30,0,0,1,0,0,1,51.037524932530324,44.8273258701,-0.5609708661
0,1,1,0,0,0,0,0,0,0,0,2,1,25,0,25,0,0,0,0,1,1,55.974312886208416,44.839939278,-0.5782819401
0,1,1,0,0,0,0,0,0,0,1,2,1,0,0,0,0,0,1,0,1,0,38.95778728992106,44.8610014349,-0.5600657707
1,1,0,0,0,0,0,0,0,0,1,2,1,25,1000,25,0,0,0,0,0,1,82.59272005156126,44.8515081108,-0.5724762951
0,0,0,0,0,0,0,0,0,0,0,2,0,10,100,10,0,0,1,0,0,0,34.5499433992113,44.8403374452,-0.5686472536
0,1,1,0,0,1,1,0,1,0,1,2,1,0,300,0,1,0,1,0,0,1,66.18092510187275,44.8211876208,-0.5511876911
1,1,1,0,0,1,1,0,1,0,1,6,3,0,0,0,0,0,1,0,3,1,113.14607621084355,44.8312472226,-0.5653591231
0,1,1,0,0,1,0,0,0,0,1,3,2,0,0,0,1,0,1,0,0,1,75.6537470971042,44.8525915971,-0.5698454812
0,1,0,0,0,0,0,0,0,0,0,2,1,0,0,0,0,0,0,0,0,0,43.13894970209555,44.8404238018,-0.5725126093
0,1,1,0,0,1,0,0,0,0,1,6,2,0,1000,0,1,0,1,0,4,1,123.12312349748667,44.8418545306,-0.5793552104
0,1,0,0,0,0,0,0,0,0,0,1,1,0,0,0,0,0,0,0,0,0,35.3884783844136,44.831939506,-0.575496959
0,1,0,0,0,1,0,0,0,0,1,6,3,20,0,20,0,0,0,0,3,0,101.84379958211181,44.8381923989,-0.5723200175
0,1,1,0,0,1,1,0,1,0,1,5,3,40,700,40,0,0,0,0,3,1,129.67589720301476,44.8499397327,-0.5866188326
0,0,1,0,0,0,0,0,0,0,0,2,0,0,0,0,0,0,0,0,0,0,33.049354670542506,44.8556078302,-0.5701758673
1,1,0,0,0,1,0,0,0,0,1,3,1,0,0,0,0,0,0,0,0,1,57.06904383374963,44.8566183252,-0.5702764358
0,1,1,0,0,1,0,0,0,0,1,2,1,5,0,5,0,0,0,0,1,1,46.778739897961124,44.8588229205,-0.5567076861
0,1,0,0,0,0,0,0,0,0,1,2,1,20,1000,20,1,0,0,0,0,1,86.37434133873445,44.8388779578,-0.5724313603
0,1,0,0,0,0,1,0,0,0,1,4,1,0,400,0,0,0,1,0,0,1,66.40552842428211,44.8584827105,-0.5611180768
0,1,1,0,0,1,0,0,0,0,0,2,1,11,200,11,0,0,0,0,0,0,49.3542076104999,44.8390956667,-0.6148968362
0,1,1,0,0,0,1,0,1,0,1,2,1,0,0,0,0,0,1,0,0,0,44.72706498907994,44.8770427186,-0.572603231
0,1,0,0,0,0,1,0,0,0,1,6,1,20,500,20,0,0,1,0,0,1,88.6719571130631,44.866024478,-0.5525319833
1,1,0,0,0,0,1,0,0,0,1,7,2,0,1000,0,1,1,1,0,0,1,137.4228099969855,44.8342804495,-0.5697193422
0,0,0,0,0,0,0,0,0,0,0,2,1,0,0,0,0,0,0,0,0,0,46.83725419888844,44.8232484017,-0.6015773793
0,1,1,1,0,1,1,0,0,0,1,2,1,0,0,0,0,0,0,0,0,1,43.80275026861232,44.879230986,-0.574072232
0,0,0,0,0,1,0,0,0,0,0,2,1,0,0,0,0,0,1,0,0,0,42.427942664852736,44.8427498737,-0.5824427736
0,0,0,0,0,0,0,0,0,0,0,2,0,0,0,0,0,0,0,0,0,0,32.00359730905849,44.8118668628,-0.5723315354
0,1,0,0,0,0,0,0,0,0,1,4,2,0,0,0,0,0,1,0,0,1,75.56462025191269,44.8267163217,-0.5761867064
0,1,1,0,0,0,0,0,0,0,1,4,1,15,0,15,0,0,0,0,0,1,67.0434632495416,44.839362135,-0.5766774179
0,1,1,0,0,1,0,0,0,0,1,2,1,10,0,10,0,0,1,0,1,0,38.767615719149646,44.8445174837,-0.5808556241
1,1,0,0,0,1,0,0,0,0,1,4,1,15,550,15,0,0,0,0,1,1,81.74204085912189,44.8535651891,-0.5713042709
1,1,0,0,0,0,0,0,0,0,0,3,1,0,0,0,0,0,0,0,0,1,62.07420657115464,44.8243086462,-0.5663536515
0,1,1,1,0,1,1,0,0,0,0,4,1,0,0,0,0,0,0,0,0,1,62.023478945188685,44.8327588566,-0.5943078717
0,1,1,1,0,1,0,1,0,0,1,8,4,50,1000,50,0,0,1,0,0,1,177.76777319281953,44.8265675649,-0.5842231461
1,0,1,0,0,1,1,0,0,0,1,2,1,0,200,0,1,0,1,0,1,1,61.159131596530266,44.8723144176,-0.547864825
0,0,0,0,0,0,0,0,0,0,0,2,1,0,0,0,0,0,0,0,1,0,46.454055304285546,44.8575304161,-0.5686043714
1,1,1,0,0,1,0,0,0,0,1,4,1,0,0,0,0,0,1,0,2,1,62.97493988586665,44.8442622442,-0.5805143267
0,1,1,0,0,0,0,0,0,0,0,4,1,0,0,0,0,0,1,0,0,0,57.56171486110031,44.8516970354,-0.5735077745
0,1,0,0,0,0,0,0,0,0,1,2,1,0,0,0,0,0,1,0,0,1,45.23002072671884,44.8337578005,-0.5674154008
0,1,1,0,0,1,0,0,0,0,1,2,1,0,0,0,0,0,1,0,0,1,43.9904013920103,44.8270317516,-0.5838702335
0,1,0,0,0,0,0,0,0,0,0,2,1,15,100,15,0,1,0,0,0,1,59.944169865579426,44.8319486452,-0.5656201987
0,1,0,0,0,0,0,0,0,0,1,5,2,0,1000,0,0,0,1,0,0,1,109.06584959534283,44.8452463653,-0.5756219608
1,1,1,0,0,1,0,0,0,0,1,4,2,37,400,37,1,0,0,0,0,1,107.83070907468502,44.8394108548,-0.5799590921
0,1,1,0,0,1,0,1,1,0,0,6,2,10,200,10,0,0,1,0,0,1,114.03554066252221,44.8331234631,-0.5738488534
1,1,1,0,0,1,0,0,0,0,1,4,1,0,300,0,0,0,1,0,2,1,70.70016729359111,44.858726654,-0.564728497
0,1,0,0,0,0,0,0,0,0,1,1,1,0,100,0,0,0,0,0,1,1,41.79536115485197,44.8418588892,-0.5763630054
0,1,0,0,0,0,0,0,0,0,0,4,1,0,200,0,0,0,1,0,0,1,68.60090100844485,44.8361854641,-0.5703228548
0,1,0,0,0,0,0,0,0,0,1,2,1,0,0,0,0,0,0,0,1,0,40.0359647662802,44.8297034072,-0.5756378769
0,1,1,0,0,1,0,0,0,0,0,2,0,20,500,20,0,0,1,0,0,1,48.942319807109186,44.8409661399,-0.5780389036
0,1,1,0,0,1,0,0,0,0,1,2,1,0,0,0,0,0,1,0,0,1,43.9904013920103,44.8257671297,-0.5665575388
0,1,0,0,0,0,0,0,0,0,0,2,1,0,150,0,0,1,0,0,0,0,51.15410817505623,44.8428414466,-0.5867362955
1,1,0,1,0,0,0,0,0,0,0,2,1,0,0,0,0,0,0,0,1,1,56.25468854572858,44.8314931087,-0.5707845506
0,1,0,0,0,0,0,0,0,0,0,2,1,10,85,10,0,0,1,0,0,0,45.29903442186213,44.834990177,-0.5760623215
1,1,1,1,0,1,0,1,0,0,1,4,2,40,600,40,0,0,1,0,3,1,107.80346277060096,44.8361624495,-0.5731666286
0,1,1,0,0,1,0,0,1,0,0,2,1,0,0,0,0,0,0,0,0,1,58.84593922372181,44.8437523194,-0.5852753243
1,1,0,0,0,0,1,0,0,0,0,2,1,20,500,20,0,0,0,0,0,1,66.76378636908915,44.8572124247,-0.5673010273
0,1,0,0,0,1,0,0,0,0,1,4,1,0,0,0,0,0,1,0,0,1,58.44558666589019,44.8216757395,-0.571362958
0,1,1,0,0,1,0,0,0,0,1,2,1,15,0,15,1,0,0,0,2,1,57.569963626361364,44.8529427718,-0.5694298162
0,1,0,0,0,0,0,0,0,0,1,4,1,0,250,0,0,0,1,0,0,1,67.16865286851979,44.8418831694,-0.556636331
0,1,1,1,0,1,1,0,0,0,1,4,1,15,500,15,1,1,1,0,0,1,86.42970703381931,44.860715378,-0.5714342979
0,1,1,0,0,0,0,0,0,0,0,2,1,20,100,20,0,0,1,0,0,0,48.82625827915351,44.8571844307,-0.578050732
0,1,1,0,0,0,0,1,0,0,0,2,1,45,400,45,0,0,1,0,0,1,72.95692778962473,44.8323433264,-0.5670960285
1,1,1,0,1,1,1,0,0,0,1,5,2,0,0,0,0,0,1,0,0,1,98.45511417577481,44.8599974595,-0.5671867679
0,1,1,0,0,1,0,0,0,0,1,4,1,50,400,50,1,0,1,0,0,0,82.41209845868227,44.8460650898,-0.5827949893
0,1,0,0,0,0,0,0,0,0,0,4,0,0,0,0,0,0,1,0,0,0,41.68230060978637,44.8360521336,-0.5693894624
1,1,0,0,0,0,0,0,0,0,1,4,1,0,0,0,0,0,1,0,2,0,57.27976731689629,44.8280029587,-0.5704511222
0,1,0,0,0,0,0,0,0,0,1,6,3,60,0,60,1,0,1,0,4,1,126.01687244880377,44.855625289,-0.5781746186
0,0,0,0,0,1,0,0,0,0,1,4,1,0,400,0,0,0,1,0,0,1,72.44419437298235,44.8277116941,-0.5564989814
0,0,0,0,0,0,0,0,0,0,1,2,0,40,400,40,0,0,0,0,0,1,54.899726883508755,44.8511635176,-0.5705663169
1,1,0,0,0,0,1,0,0,0,0,2,0,0,300,0,0,0,0,0,0,1,42.5895676232673,44.8394584663,-0.5567620552
0,1,1,0,0,1,0,0,1,0,1,3,2,30,700,30,0,0,0,0,2,1,102.25502959510261,44.8418166521,-0.5573306617
0,1,0,1,0,1,0,0,0,0,1,2,1,0,500,0,1,0,1,0,2,1,66.44699493863538,44.8396812327,-0.5741749777
0,1,0,0,0,0,0,0,0,0,1,4,1,20,0,20,0,0,1,0,2,0,57.22018392004033,44.8302882961,-0.5691998096
0,1,0,0,0,0,0,0,0,0,1,4,1,10,150,10,0,0,1,0,0,1,66.68878219136612,44.8396314791,-0.5763759448
0,1,1,0,0,1,0,0,0,0,1,4,1,10,500,10,0,0,0,0,0,1,76.58586300351259,44.8402120209,-0.5702304112
0,1,1,0,0,1,0,0,0,0,0,3,1,5,0,5,0,0,1,0,0,1,55.508261313615286,44.8552007486,-0.5804992413
0,1,1,0,0,0,0,0,0,0,0,4,2,15,400,15,0,1,1,0,0,0,89.99102741845968,44.8348102582,-0.5687030296
0,1,1,0,0,1,0,0,0,0,1,4,1,0,0,0,0,0,1,0,0,1,59.491344027374204,44.8453546926,-0.576824367
0,1,0,0,0,1,0,0,0,0,0,4,1,0,500,0,0,0,1,0,0,1,74.04075171997675,44.8321602844,-0.5811470387
0,1,1,0,0,0,0,0,0,0,1,2,1,0,0,0,1,0,0,0,0,1,57.478930423628,44.8578147141,-0.6198209992
0,1,1,0,0,1,0,0,0,0,1,2,1,0,200,0,0,0,0,0,0,0,44.32969593132419,44.8317701862,-0.583881759
0,1,1,0,0,0,1,0,0,0,0,6,2,20,300,20,0,0,1,1,0,1,110.71369853788903,44.8605466831,-0.5685186789
0,1,0,0,0,0,0,0,0,0,0,2,0,20,200,20,0,0,0,0,0,1,44.58064657193642,44.847270641,-0.5800219255
0,1,0,0,0,0,0,0,0,0,1,4,2,0,0,0,0,0,1,0,0,1,75.56462025191269,44.8713907606,-0.5544360728
1,1,1,0,0,1,1,1,0,0,0,2,1,12,350,12,0,0,0,0,0,1,64.21802661569649,44.8442169027,-0.6140334151
0,1,1,0,0,1,0,0,0,0,1,4,2,10,400,10,1,0,1,0,0,0,88.86493484682765,44.8223358579,-0.5641784324
0,0,0,0,0,0,0,0,0,0,0,2,1,0,0,0,0,0,0,0,1,0,46.454055304285546,44.8233488259,-0.5835704218
0,1,1,1,0,1,0,0,0,0,1,3,1,0,300,0,0,0,0,0,0,1,63.90418714211864,44.8420045898,-0.5761219175
0,1,1,0,0,1,0,0,0,0,1,2,1,10,0,10,1,0,0,0,1,0,49.97076805457478,44.8260661954,-0.5713170048
0,1,0,0,0,0,0,0,0,0,0,2,0,0,350,0,0,0,1,0,0,1,42.12891518711323,44.8296258938,-0.5752461496
1,1,1,1,0,1,1,0,0,0,1,2,1,35,750,35,1,0,0,0,1,1,83.39504897757477,44.8488300641,-0.5719296603
0,1,1,1,0,1,0,0,0,0,0,4,1,0,350,0,0,0,1,0,2,1,72.77164977525152,44.8336978855,-0.5679470162
1,1,0,0,0,0,0,0,0,0,1,4,2,15,200,15,0,0,1,0,0,0,81.17278128921336,44.8331915619,-0.5736455507
0,1,0,0,0,0,0,0,0,0,0,1,1,0,0,0,0,0,0,0,0,0,35.3884783844136,44.8526567733,-0.5918335317
1,1,0,0,0,0,0,0,0,0,0,6,2,0,700,0,1,0,1,0,6,1,122.84089732417567,44.8346175329,-0.5840249839
0,1,1,0,0,1,0,0,0,0,1,4,2,0,0,0,1,0,1,0,0,1,83.40421841478614,44.831268786,-0.5920198633
0,1,0,0,0,0,0,0,0,0,1,2,1,15,200,15,0,0,0,0,0,1,55.646914857843335,44.8464164602,-0.5866470271
0,1,0,0,0,1,1,0,0,0,1,3,1,0,0,0,1,0,1,0,0,1,55.14859469769033,44.838659002,-0.5695541611
0,1,1,0,0,0,0,0,0,0,1,2,1,0,0,0,0,0,1,0,2,0,38.57458839531816,44.8303357846,-0.5765287404
0,1,1,0,0,0,0,0,0,0,1,7,3,20,500,20,0,0,1,0,0,1,131.76123771998886,44.8295526271,-0.5741036146
0,1,0,0,0,0,1,0,0,0,0,2,1,0,0,0,0,0,1,0,0,0,36.389276716152494,44.8538673724,-0.6355355893
0,1,0,0,0,0,0,0,0,0,0,2,1,0,0,0,0,0,0,0,0,0,43.13894970209555,44.8282987691,-0.5606357017
0,1,1,0,0,1,0,0,0,0,1,4,1,0,700,0,1,0,1,0,0,1,86.59609214297994,44.8407270609,-0.5729069335
0,1,0,0,0,0,0,0,0,0,1,2,1,0,0,0,1,0,0,0,0,1,56.433173062143986,44.877415418,-0.5715976207
0,1,1,0,0,0,0,0,0,0,0,2,0,0,0,0,0,0,1,0,0,0,27.227115335906472,44.8435849949,-0.5800681793
0,1,0,0,0,0,0,0,0,0,1,3,1,8,150,8,0,0,1,0,0,1,58.51926984859993,44.8364553251,-0.5773385576
0,1,1,0,0,0,0,0,0,0,0,2,1,0,0,0,0,0,1,0,0,1,48.995564129415314,44.8428795726,-0.5830414744
1,1,0,0,0,0,1,0,0,0,1,9,4,50,1000,50,1,0,1,0,0,1,188.91454727001653,44.8392359623,-0.6015344955
1,1,1,0,0,1,0,0,0,0,0,2,1,30,500,30,0,0,1,0,1,1,69.7379765754556,44.839516331,-0.5735902041
0,1,0,0,0,0,0,0,0,0,1,2,1,15,800,15,0,0,1,0,1,1,68.59023594084621,44.8500756865,-0.5721991617
1,1,1,1,0,1,1,1,0,0,1,4,1,35,800,35,0,0,1,0,0,1,93.59621345891887,44.8640665778,-0.5565026696
0,1,0,0,0,1,0,0,0,0,0,4,1,0,0,0,0,0,1,0,0,1,61.165372707102655,44.8306645385,-0.5670727531
0,1,0,0,0,0,0,0,0,0,0,2,0,0,300,0,0,0,0,0,1,1,42.582113229066074,44.8533030824,-0.5690869518
0,1,1,0,0,1,0,0,0,0,1,2,1,0,0,0,0,0,0,0,0,0,39.17954432617455,44.8258359071,-0.5589741257
0,0,0,0,0,0,0,0,0,0,0,3,1,0,0,0,0,0,0,0,2,0,53.8213277273646,44.8532611923,-0.6061816371
1,1,1,0,0,1,0,0,0,0,0,2,0,0,150,0,0,0,1,0,1,1,39.605939000350396,44.8280995598,-0.5744733116
0,1,1,0,0,0,0,0,0,0,0,2,1,0,0,0,1,0,0,0,1,1,59.81551757023757,44.8796224029,-0.5718452291
0,1,1,0,0,1,0,1,0,0,0,2,0,0,0,0,0,0,1,0,1,1,35.72596903430495,44.823090232,-0.5588702847
0,1,1,1,0,1,0,0,0,0,1,5,2,0,0,0,0,0,1,0,4,0,75.92203693965439,44.8268215234,-0.5780451038
0,1,1,0,0,1,0,1,1,0,1,2,1,15,150,15,1,1,0,0,0,0,73.66118232301986,44.8287920219,-0.5687067693
0,1,0,0,0,0,0,0,0,0,1,2,1,0,200,0,0,0,0,0,0,1,52.50410716971163,44.851666007,-0.5743438544
0,1,1,0,0,1,0,0,1,0,1,2,1,0,100,0,1,0,0,0,2,0,60.079256789781475,44.8300081939,-0.5672824545
0,1,1,0,0,1,0,0,0,0,1,4,2,40,450,40,1,0,1,0,0,1,103.37288002805738,44.8462984921,-0.5958010399
0,1,1,0,0,1,0,0,0,0,1,1,1,0,0,0,0,0,0,0,0,0,31.4290730084926,44.843569531,-0.5872924436
0,1,1,0,0,1,1,0,0,0,1,5,2,60,900,60,1,0,1,1,0,1,130.86855729751753,44.8565741047,-0.5779609439
0,1,1,0,1,1,0,0,0,0,1,4,1,0,0,0,1,0,1,0,0,1,85.3259479662466,44.83937542,-0.5809733333
0,1,1,1,0,1,0,0,0,0,1,2,1,0,0,0,1,1,0,0,0,0,54.725458779713776,44.8317337675,-0.5659084402
0,1,1,1,0,1,0,0,0,0,1,8,5,45,800,45,0,1,1,0,0,1,186.32358329837265,44.8307399616,-0.574704091
0,1,1,0,0,1,0,0,0,0,1,5,1,0,500,0,0,0,1,0,0,0,73.18240245425135,44.8294377204,-0.5684473794
0,1,1,0,0,0,0,0,1,0,1,4,2,0,0,0,0,0,1,0,0,1,86.6221945660526,44.8258326197,-0.5576408353
0,1,1,0,0,0,0,0,0,0,1,4,1,0,500,0,1,0,0,0,2,1,85.08885428266021,44.8539708816,-0.5735329501
0,1,1,0,0,1,0,0,0,0,1,4,2,0,800,0,0,0,1,0,2,1,94.15920954859692,44.8423974951,-0.5739108804
1,1,1,0,0,1,1,0,0,0,1,2,1,0,250,0,1,0,1,0,2,1,58.36516610642189,44.8579929623,-0.564535182
0,1,1,0,0,1,0,0,0,0,0,4,1,15,0,15,0,0,0,0,0,0,60.54308069088262,44.846901463,-0.5809330338
1,1,0,0,0,0,0,0,0,0,0,4,0,0,300,0,0,0,1,0,2,1,59.82591577968217,44.8292619142,-0.5819442038
0,1,0,0,0,0,0,0,0,0,1,8,4,50,400,50,1,0,0,0,4,1,166.6805048967189,44.8591764095,-0.5598879163
0,1,1,0,0,1,0,0,0,0,1,4,2,0,400,0,0,0,1,0,0,1,84.62530412750343,44.8333087969,-0.5620655728
0,1,1,0,0,0,0,0,0,0,1,6,2,10,0,10,0,0,0,0,3,0,88.24607162453731,44.8362461094,-0.5709969225
0,0,0,0,0,0,0,0,0,0,1,2,1,45,600,45,1,0,0,0,0,1,85.0103554387809,44.8313507304,-0.5799673593
0,1,1,0,0,1,0,0,0,0,1,2,1,0,0,0,0,0,0,0,0,1,46.11433622985345,44.8398836723,-0.6201907651
0,1,0,0,0,1,0,0,0,0,1,4,1,15,500,15,1,0,1,0,0,1,83.54299086447799,44.8377657301,-0.5693061489
0,1,1,0,0,1,0,0,0,0,0,2,1,5,100,5,0,0,0,0,0,0,45.522008732672404,44.8427011291,-0.5604489518
0,1,0,0,0,1,1,0,0,0,1,3,1,20,200,20,0,0,1,0,1,1,55.02674016149735,44.8157998259,-0.5513472615
0,1,1,1,0,1,0,0,0,0,1,4,2,0,0,0,0,1,1,0,0,1,80.79169787316137,44.8457725911,-0.5955384068
0,1,1,0,0,1,0,0,0,0,1,4,1,15,0,15,1,0,1,0,0,1,71.7133692130879,44.8404408997,-0.5725343143
0,1,1,0,0,0,1,0,0,0,1,3,1,0,300,0,0,0,1,0,1,1,56.74253977090646,44.8398198525,-0.5726762988
1,1,0,0,0,0,0,0,0,0,1,4,1,0,0,0,0,0,0,0,0,1,67.10489184762413,44.8766652866,-0.5721636339
0,1,1,0,0,1,1,0,0,0,1,5,3,50,850,50,1,0,0,0,0,1,135.85071326103292,44.8456856965,-0.5947183654
0,1,0,1,0,1,1,1,0,0,1,2,1,5,100,5,0,1,0,0,1,0,47.44686262874538,44.819219596,-0.6025513094
0,1,1,1,0,1,0,0,0,0,1,9,4,60,300,60,1,0,1,0,6,1,172.13530576234848,44.8534174233,-0.5839219159
0,1,1,0,0,1,1,0,0,0,1,4,2,0,1500,0,1,0,1,0,0,1,117.40461730530853,44.8449533408,-0.5766709354
1,1,1,1,0,1,1,0,0,0,1,6,4,30,500,30,1,1,1,0,4,1,152.29162609609142,44.8392123738,-0.610070623
0,1,1,0,0,1,0,0,0,0,1,4,2,30,250,30,0,0,1,0,0,1,87.04830579990461,44.8363172111,-0.5767216871
0,1,0,0,0,0,0,0,0,0,1,4,1,49,250,49,0,0,1,0,0,1,77.43515798308336,44.8514544624,-0.5826393134
1,1,1,1,0,1,0,0,0,0,1,2,1,6,0,6,0,0,0,0,1,1,53.552406245060254,44.8430339532,-0.5822382514
0,0,0,0,0,0,0,0,0,0,0,4,0,13,0,13,0,1,0,0,0,1,61.31564328024722,44.8472802828,-0.5784011498
1,1,0,1,0,1,0,0,0,0,1,2,1,0,200,0,0,0,0,0,0,1,56.7828763080761,44.8326287028,-0.5837076173
1,1,0,0,0,0,1,0,0,0,0,8,3,110,4201,110,0,1,0,1,0,0,262.9047752397937,44.8564804042,-0.5719808842
0,1,1,1,0,1,1,1,0,0,1,6,3,50,600,50,1,0,1,0,0,1,141.5863498068085,44.857833418,-0.5594313698
1,1,0,0,0,0,0,0,0,0,1,2,1,0,0,0,0,0,0,0,0,1,51.603949212260225,44.828619853,-0.5566046183
0,1,1,0,0,0,1,0,0,0,1,2,1,9,0,9,0,0,1,0,0,0,36.60093264930307,44.8478212998,-0.6109558926
0,1,0,0,0,0,0,0,0,0,1,2,1,6,250,6,0,0,0,0,0,1,55.048768146251724,44.8551829435,-0.5700876659
0,1,1,0,0,0,0,0,0,0,1,6,2,15,500,15,0,1,1,0,0,1,112.28205171886485,44.8224398361,-0.5550164908
1,1,1,0,0,1,0,1,0,0,0,4,1,0,500,0,0,0,1,0,0,1,83.56914011467403,44.8389957993,-0.5714309942
0,1,1,0,0,0,0,0,0,0,0,2,1,0,0,0,0,0,0,0,0,0,44.184707063579566,44.8378989894,-0.5685731677
1,1,1,1,0,1,0,0,0,0,1,4,1,15,200,15,0,0,1,0,0,1,74.34844915521256,44.8580947962,-0.5648239962
0,1,1,1,0,1,1,0,0,0,1,7,4,40,850,40,1,1,1,0,0,0,161.4980778752408,44.8523898086,-0.6135010134
0,1,1,0,0,1,1,0,0,0,1,7,3,0,0,0,0,0,1,0,3,0,99.69994502449245,44.8255863099,-0.5723683846
0,1,1,0,0,1,1,1,0,0,0,2,1,12,300,12,0,1,0,0,0,0,55.898247932130396,44.8349464716,-0.5706362056
1,0,0,0,0,0,1,1,0,0,1,5,2,0,0,0,1,0,0,0,2,1,101.30704349772024,44.8675576894,-0.54997797
0,1,0,0,0,0,1,0,0,0,1,1,1,0,0,0,0,0,0,0,0,1,34.97774609878013,44.8170997342,-0.5514956391
0,1,0,0,0,1,0,0,0,0,1,4,2,40,200,40,1,0,0,0,2,0,90.31217830509476,44.8591027038,-0.5604868285
0,1,1,0,0,1,0,0,0,0,1,4,1,40,400,40,0,0,1,0,1,1,77.78926884475513,44.8505506156,-0.585789618
0,1,1,1,0,1,0,0,0,0,1,4,1,23,350,23,0,1,1,0,0,1,79.78977808081191,44.8505623791,-0.5898188967
0,0,1,0,0,1,0,0,1,0,0,4,1,0,100,0,0,0,1,0,0,1,78.49632732061026,44.8391812554,-0.5674416973
0,1,0,0,0,0,0,0,0,0,1,6,3,35,400,35,1,0,1,0,0,1,132.6119584239618,44.8474998824,-0.5872923363
0,1,0,0,0,0,1,0,0,0,0,2,1,0,0,0,0,0,0,0,1,1,45.064804563071654,44.8795321088,-0.5738326084
0,0,0,0,0,0,1,0,0,0,0,2,1,0,0,0,0,1,0,0,0,0,46.36406081988697,44.813916911,-0.5651779119
0,1,1,0,0,0,0,0,0,0,0,4,1,0,250,0,0,1,0,0,1,1,76.82747698355496,44.8380836791,-0.5702099344
0,1,1,1,0,1,0,0,0,0,1,3,1,0,150,0,0,1,1,0,1,1,61.68698447490882,44.8554552692,-0.5800123811
0,1,1,0,0,1,0,1,0,0,0,2,1,0,0,0,0,0,1,0,0,0,44.00803291505889,44.8346134619,-0.5699431388
1,1,1,0,0,1,0,0,0,0,1,2,0,0,0,0,0,0,1,0,1,1,33.0235392552757,44.8421253125,-0.5807166314
1,1,1,0,0,1,0,0,0,0,1,4,1,20,0,20,1,0,1,0,0,1,77.01096542349671,44.8346162545,-0.5645592872
1,1,1,0,0,1,0,0,0,0,1,4,1,0,1000,0,1,0,1,0,0,1,98.57131319840263,44.8361833599,-0.5756694542
0,1,1,0,0,0,0,0,0,0,0,6,2,30,200,30,0,0,0,0,0,1,108.39080810922925,44.8226802158,-0.5614724108
0,0,1,0,0,1,0,0,0,0,1,3,1,30,800,30,0,0,0,0,0,1,84.44933384119025,44.8447279793,-0.5746848457
0,1,1,0,0,0,0,0,0,0,0,4,2,40,500,40,0,0,1,0,0,0,93.6515712654889,44.8325485349,-0.5677237108
0,1,0,0,0,0,1,0,0,0,1,2,0,0,400,0,0,0,0,0,0,0,31.260071833252518,44.8332830438,-0.5874417267
0,1,1,0,0,0,0,0,0,0,0,4,1,8,300,8,0,0,0,0,0,0,69.08704120700483,44.8398962606,-0.5738105793
0,1,1,0,0,1,0,0,0,0,0,4,1,10,500,10,0,0,1,0,0,1,77.1817142068819,44.8350619466,-0.5698960107
0,1,0,0,0,0,0,1,0,0,1,2,1,0,0,0,0,0,0,0,0,0,44.65180104639812,44.8401933352,-0.5957441264
1,1,0,1,0,0,1,0,1,0,1,2,1,0,0,0,0,0,1,0,0,1,57.180245365831844,44.8215510532,-0.565611737
1,1,1,1,0,1,0,1,0,0,0,3,1,25,500,25,0,0,0,0,1,1,85.11156974064394,44.8287187832,-0.5641977866
0,1,0,0,0,0,0,0,0,0,1,2,1,0,0,0,0,0,0,0,1,0,40.0359647662802,44.831638462,-0.5948239345
0,1,0,0,0,1,1,0,0,0,1,4,2,50,0,50,0,1,1,0,0,1,83.28207580382436,44.8734598267,-0.5484347455
0,1,0,0,0,0,0,0,0,0,1,2,1,4,0,4,0,0,0,0,1,1,47.808838720127554,44.8222707625,-0.5532543567
0,1,0,0,0,0,0,0,0,0,1,2,0,15,500,15,0,0,0,0,0,0,41.60369347205895,44.8207621957,-0.56125014
0,1,1,0,0,1,0,0,1,0,1,4,1,55,1000,55,0,0,1,0,0,1,106.77754719559454,44.8323355149,-0.5616385255
1,1,1,0,0,1,1,0,0,0,1,2,1,0,250,0,0,0,1,0,0,1,50.05234639804568,44.8636504247,-0.5571927327
0,1,1,0,0,0,1,0,0,0,1,4,2,0,500,0,0,0,0,0,0,1,86.98395331601404,44.8411548103,-0.5582127604
0,1,0,0,0,0,0,0,0,0,0,2,1,0,0,0,0,0,0,0,1,0,42.75575080749266,44.8288687083,-0.5674673607
0,0,0,0,0,1,1,0,0,0,1,3,1,0,400,0,0,0,1,0,0,1,60.0679849072005,44.8463767361,-0.6124376077
0,1,0,0,0,0,0,0,0,0,1,7,4,45,150,45,1,0,1,0,5,0,142.00281587376438,44.8357123032,-0.5675435447
0,1,1,0,0,1,1,0,0,0,1,2,0,0,100,0,1,0,1,1,0,0,37.84320048800751,44.8613698207,-0.5707777486
1,0,0,0,0,0,0,0,0,0,1,5,2,30,0,30,0,0,1,0,4,1,96.01620951193759,44.8268599804,-0.5694746639
1,1,0,0,0,0,0,0,0,0,1,6,3,25,500,25,0,0,1,0,0,1,128.26260525123172,44.8445833009,-0.5856356198
1,1,1,0,0,1,0,0,0,0,1,4,1,30,300,30,0,0,1,0,3,1,76.60258377525163,44.8428728504,-0.5808372484
0,1,1,1,0,1,0,0,0,0,1,2,1,15,200,15,1,0,1,0,0,0,56.741938466053526,44.8293881055,-0.5910726656
1,1,1,0,0,1,0,0,0,0,0,4,1,35,500,35,0,0,1,0,2,1,85.9033228789272,44.8408956995,-0.5705360925
0,1,1,1,0,1,0,0,0,0,1,2,1,0,650,0,0,0,1,0,0,1,63.042546295605405,44.8468947913,-0.5799840833
0,1,1,1,0,1,0,0,0,0,0,4,1,40,500,40,0,0,1,0,1,1,85.39828287540118,44.8369574323,-0.5679178559
0,1,0,0,0,1,0,0,0,0,1,2,0,10,300,10,0,0,1,0,0,1,37.931419673841944,44.8510581135,-0.582595545
0,1,1,1,0,1,1,0,0,0,1,4,2,50,250,50,0,0,1,0,0,1,88.92713008950574,44.8521801313,-0.589915378
0,0,0,0,0,0,0,0,0,0,0,2,1,0,0,0,0,0,0,0,1,0,46.454055304285546,44.8232721506,-0.5699181334
0,1,0,0,0,0,0,0,0,0,0,2,1,30,300,30,0,0,0,0,1,0,56.766593591480515,44.8264098308,-0.5646606632
0,1,1,0,0,0,1,0,0,0,1,4,2,30,250,30,0,0,1,0,0,1,84.70794434799726,44.8268720359,-0.5587118629
0,1,0,0,0,0,0,0,0,0,1,2,0,40,400,40,1,0,0,0,0,1,60.28063988429787,44.8480661983,-0.5718786325
1,1,1,0,0,1,0,0,0,0,1,3,1,25,400,25,1,0,0,0,1,1,82.34913582206487,44.8289131479,-0.5633693062
0,1,1,1,0,1,0,1,0,0,0,4,2,20,100,20,0,0,1,0,0,1,90.3570625842075,44.8430467005,-0.5806131963
0,0,0,0,0,0,0,0,0,0,0,2,1,10,0,10,0,0,1,0,1,0,46.425325591863526,44.8366914765,-0.5688154835
0,1,0,0,0,0,0,0,0,0,1,4,1,40,200,40,0,0,1,0,0,1,74.26193546891693,44.8565587323,-0.5666685356
0,1,0,0,0,0,0,0,0,0,0,2,0,0,180,0,0,0,1,0,0,1,37.751286322736036,44.8384942319,-0.5735583178
1,1,1,1,0,1,1,0,1,0,1,4,1,15,0,15,1,0,1,0,0,1,83.6635938522009,44.8488075492,-0.5876284171
0,1,0,0,0,0,0,0,0,0,1,5,2,0,0,0,0,0,1,0,2,0,75.61390187670995,44.8283581052,-0.5775028913
0,1,0,0,0,0,0,0,0,0,1,2,1,0,0,0,0,0,1,0,0,1,45.23002072671884,44.8391763725,-0.5731155342
0,0,1,0,0,1,0,0,0,0,1,4,0,0,400,0,0,0,1,0,0,0,51.72150294095752,44.8510776755,-0.571292958
0,0,0,0,0,1,0,0,0,0,0,2,1,5,0,5,0,0,0,0,0,0,45.59948006540645,44.8290423343,-0.5717790616
0,0,0,0,0,0,0,0,0,0,0,4,1,0,0,0,0,0,0,0,0,0,62.338196834252344,44.8658470183,-0.567632158
0,1,0,0,0,0,0,0,0,0,1,4,1,10,500,10,0,0,1,0,0,0,68.76675559669908,44.8290459026,-0.5692704145
0,1,0,0,0,0,1,0,0,0,1,2,1,0,0,0,0,0,0,0,0,1,42.72821741646208,44.8476914049,-0.5480675914
0,1,1,0,0,1,0,0,0,0,1,2,1,20,200,20,1,1,1,0,1,0,59.244734716400856,44.8324366577,-0.5671303605
0,1,0,0,0,0,1,0,0,0,1,3,1,10,0,10,0,0,1,0,0,1,50.44995902172202,44.8611311135,-0.5671315135
0,1,1,0,0,1,0,0,0,0,1,2,1,0,0,0,0,0,1,0,1,1,43.60720249740741,44.8401679207,-0.5889546906
0,1,0,0,0,0,0,0,0,0,1,2,1,0,100,0,0,0,1,0,0,1,47.805096529293664,44.8384398714,-0.5709154312
0,1,0,0,0,0,1,0,0,0,0,5,1,0,0,0,0,0,1,0,0,1,66.57548257287725,44.8313160309,-0.5898385086
1,1,0,0,0,1,0,0,0,0,0,2,0,10,0,10,0,0,0,0,1,0,31.981915994589535,44.8385061107,-0.5758572524
0,1,1,0,0,1,0,0,1,0,1,4,1,0,0,0,1,0,1,0,0,1,78.5823784776121,44.8390523741,-0.5800506784
0,1,1,0,0,1,0,0,0,0,0,2,1,0,0,0,0,0,0,0,0,0,41.89933036738701,44.8341263294,-0.5672402606
1,1,0,0,0,1,1,0,0,0,1,4,1,35,0,35,0,0,0,0,0,1,67.52699494230565,44.8648167599,-0.6249656936
0,1,0,0,0,1,0,0,0,0,1,2,0,0,500,0,1,0,1,0,0,1,50.065583651152444,44.8587886834,-0.5591514473
1,1,1,0,0,1,1,1,0,0,0,2,1,8,150,8,0,0,1,0,0,0,49.17106621885635,44.8591375199,-0.6126395019
0,1,1,0,0,1,0,0,0,0,1,4,1,10,300,10,0,0,0,0,0,0,64.50091949468404,44.849986069,-0.5709402131
0,1,1,0,0,1,1,0,0,0,1,4,1,0,0,0,1,0,1,0,0,1,63.94482337685629,44.8337967352,-0.578094108
0,0,0,0,0,0,0,0,0,0,1,2,1,0,0,0,1,0,0,0,1,1,59.74827866433398,44.8502259296,-0.5714901226
0,1,0,0,0,0,0,0,0,0,1,1,1,0,0,0,1,0,0,0,0,0,41.74790984078314,44.8320027081,-0.5811513999
0,1,1,0,0,0,0,0,0,0,1,2,1,0,0,0,0,0,1,0,0,1,46.275778088202856,44.8343374916,-0.5718020123
1,1,0,0,0,0,0,0,0,0,1,2,1,0,250,0,0,0,0,0,1,1,57.65843982409439,44.8171201875,-0.5739675662
0,1,1,0,0,0,0,0,0,0,0,2,1,30,500,30,0,0,1,0,0,1,68.15655851855281,44.8423170114,-0.5786509772
0,1,0,0,0,0,0,0,0,0,0,4,1,5,0,5,0,0,1,0,0,1,64.49835196600577,44.8409996223,-0.5795842381
0,1,1,0,0,1,0,0,0,0,1,6,2,20,0,20,1,0,1,0,2,0,95.39438160810762,44.8429004867,-0.5836525741
0,1,1,0,0,1,1,1,0,0,1,2,1,0,0,0,0,0,1,0,0,0,36.66250872574652,44.8601058374,-0.6122001591
0,1,0,0,0,0,1,0,0,0,1,2,1,0,100,0,0,0,0,0,1,1,44.92009432443401,44.8518374469,-0.5441443581
0,1,1,0,0,0,0,0,0,0,0,2,1,25,200,25,0,0,0,0,0,1,61.50766338596094,44.8375211492,-0.568437426
0,1,1,0,0,0,1,0,0,0,1,6,3,30,500,30,1,0,1,0,0,1,130.55945087721014,44.864389641,-0.5612719616
0,1,1,0,0,1,1,0,0,0,1,4,0,15,0,15,0,0,1,0,0,0,36.23996477389715,44.841534971,-0.5930523665
0,1,0,0,0,1,0,0,0,0,1,4,1,0,150,0,0,0,0,0,0,1,64.43213520759556,44.8565358116,-0.5736613764
0,1,1,0,0,0,0,0,0,0,0,5,1,5,0,5,0,0,0,0,2,0,67.71732579013019,44.8290310332,-0.5641823935
0,1,0,0,0,0,0,0,0,0,0,2,0,0,200,0,0,0,0,0,1,1,40.00703742649126,44.8402935431,-0.5753214043
0,1,0,0,0,0,0,0,0,0,1,4,2,5,0,5,0,0,1,0,0,1,76.61222281462327,44.8392586516,-0.5673429838
1,1,0,0,0,0,1,0,0,0,1,3,1,0,200,0,0,0,0,0,0,1,59.87883398699191,44.8653998601,-0.5685942506
0,1,0,0,0,1,0,0,0,0,1,4,2,0,0,0,0,0,1,0,0,1,73.27924355572014,44.8238867761,-0.5684031055
0,1,0,0,0,0,1,0,0,0,1,5,3,150,500,150,0,0,1,0,0,0,130.8916743018369,44.822169544,-0.5956386562
0,1,0,0,0,0,0,0,0,0,1,2,1,0,0,0,0,0,1,0,0,1,45.23002072671884,44.8275192908,-0.5741510716
0,1,1,0,0,1,0,0,0,0,1,2,1,0,0,0,0,0,0,0,1,1,45.73113733525056,44.838061703,-0.5734741222
0,1,0,0,0,0,0,0,0,0,1,2,1,0,0,0,0,0,0,0,1,1,46.9707566699591,44.8285988535,-0.5686221316
1,1,1,0,0,1,0,0,0,0,1,2,0,0,0,0,0,0,0,0,1,1,35.14747409311885,44.8361308307,-0.568652081
1,1,1,0,0,0,0,0,0,0,1,7,4,80,500,80,1,0,1,0,0,0,165.56054460394697,44.8451014548,-0.6248811506
0,1,1,0,0,1,0,0,0,0,1,2,1,15,100,15,1,0,0,0,1,0,53.59344641986017,44.8574644229,-0.5852320275
0,1,0,0,0,0,0,0,1,0,0,4,1,0,0,0,0,0,1,0,0,1,73.4625663559511,44.8751261277,-0.5483644288
0,1,0,0,0,0,0,0,0,0,0,2,1,5,100,5,0,0,0,0,0,1,53.69641997105984,44.8566628551,-0.5790202516
0,0,0,0,0,0,0,0,0,0,0,3,1,0,0,0,0,0,0,0,0,0,54.58772551657039,44.8297548707,-0.5691504414
0,1,1,0,0,1,1,0,0,0,1,2,1,0,0,0,1,0,1,1,0,1,57.036573478941534,44.8676322437,-0.6327710964
1,1,1,0,0,1,0,0,0,0,1,6,2,30,1000,30,1,0,1,0,0,1,135.1915280998599,44.8375299269,-0.5731574726
0,1,1,0,0,1,0,0,1,0,1,4,2,30,1500,30,0,0,1,0,0,1,129.24857028474574,44.841678401,-0.5773349515
0,1,1,0,0,1,0,0,0,0,0,2,1,0,700,0,0,0,1,0,0,1,64.7357180512465,44.8420254911,-0.5805203305
1,1,1,0,0,1,1,1,0,0,1,4,2,40,500,40,1,0,1,0,3,1,107.36771413064946,44.8269764742,-0.5975400046
0,0,0,0,0,0,0,0,0,0,0,4,2,0,0,0,0,0,0,0,0,1,84.10664562776118,44.8226560702,-0.5723977534
0,1,1,1,0,1,1,0,0,0,1,2,1,0,200,0,0,0,0,0,1,1,48.56970297915907,44.8427694539,-0.5599848456
0,1,1,0,0,1,0,0,0,0,1,4,1,0,350,0,0,0,1,0,0,1,68.50410933638608,44.8438370341,-0.5806364337
1,1,0,0,0,0,0,0,0,0,0,2,1,0,500,0,0,0,0,0,1,0,59.88112346806499,44.8291965754,-0.5720677901
0,1,1,0,0,1,0,0,0,0,0,2,0,20,150,20,0,0,0,0,1,1,41.67029044133758,44.8451209668,-0.5804493449
1,1,0,0,0,0,0,0,0,0,1,4,2,20,350,20,1,0,1,0,3,1,100.94741027323839,44.8317936272,-0.5808474109
0,1,1,0,0,1,0,0,0,0,1,2,1,0,500,0,0,1,1,0,0,1,61.018325173982845,44.8555521388,-0.5728258396
0,1,1,0,0,1,0,0,0,0,1,2,1,0,0,0,0,0,0,0,1,0,38.79634543157165,44.840300615,-0.5881457988
0,1,1,0,0,1,1,0,0,0,1,4,2,40,300,40,0,0,0,0,0,1,87.92924551635639,44.8390084685,-0.5979845996
0,1,1,0,0,1,1,0,1,0,0,4,2,110,500,110,1,0,1,0,0,1,127.43271865306119,44.8423538879,-0.5750777576
0,1,0,0,0,0,0,0,0,0,0,4,1,24,300,24,0,0,0,0,2,1,77.56200616066775,44.8292714426,-0.5779211207
0,1,1,0,0,1,0,0,0,0,0,2,1,25,150,25,0,0,0,0,1,1,57.55154989387809,44.8349052209,-0.5647045849
0,1,1,1,0,1,0,0,1,0,1,2,0,25,500,25,0,0,1,0,0,1,59.596105468121976,44.8340897315,-0.5835122209
0,1,0,0,0,1,0,0,0,0,0,4,1,0,0,0,0,0,0,0,0,1,63.2893075449458,44.8306861282,-0.573986846
0,1,1,0,0,1,0,0,0,0,1,2,1,30,500,30,0,0,0,0,0,1,65.27533061899095,44.8550359026,-0.5686250362
0,1,0,0,0,0,0,0,0,0,0,3,1,5,0,5,0,0,0,0,0,1,58.87181548616698,44.8324918539,-0.5686732475
0,1,0,0,0,0,0,0,0,0,1,2,1,0,0,0,0,0,0,0,1,1,46.9707566699591,44.8333958179,-0.5751694675
1,1,0,0,0,0,0,0,0,0,0,2,1,0,0,0,0,0,1,0,0,1,52.19980041562954,44.8424683735,-0.5779590868
1,0,1,0,0,0,0,1,1,0,1,2,1,10,0,10,1,0,0,0,0,1,81.76688803171119,44.8526550473,-0.6160585176
0,1,0,0,0,0,1,0,0,0,0,2,1,0,0,0,0,0,0,0,1,1,45.064804563071654,44.8495745638,-0.5923467616
0,1,0,0,0,0,0,0,0,0,0,2,0,0,150,0,0,0,0,0,0,1,39.10269841980674,44.8417817099,-0.5714274502
0,1,1,0,0,1,0,0,0,0,0,4,1,0,0,0,0,0,1,0,0,1,62.21113006858666,44.8324701062,-0.5685206543
0,1,0,0,0,0,0,0,0,0,1,2,0,49,250,49,0,0,1,0,0,1,47.10055845788951,44.8373794917,-0.5702369661
0,1,0,0,0,0,0,0,0,0,1,4,1,10,350,10,0,0,0,0,0,1,73.9628686343589,44.8506346157,-0.5751520853
0,1,0,0,0,0,1,0,0,0,1,4,2,0,500,0,0,0,1,0,2,0,76.11307142380218,44.8260414344,-0.5883419107
0,0,0,0,0,0,0,0,0,0,0,2,1,0,0,0,0,0,0,0,0,0,46.83725419888844,44.8227876097,-0.5503795288
1,1,0,0,0,0,1,0,0,0,1,3,1,20,500,20,1,0,0,0,0,0,73.93889723946174,44.8525728468,-0.5690137567
0,1,1,0,0,1,0,1,0,0,1,2,1,0,4001,0,1,0,1,0,0,1,160.33103913612587,44.8378768439,-0.5672098174
1,1,1,0,0,1,0,1,1,0,1,2,1,0,500,0,1,0,1,0,0,1,84.43944588833556,44.8423500629,-0.5769706609
1,1,0,1,0,0,0,0,0,0,0,3,1,10,550,10,0,0,1,0,0,1,78.5225459597529,44.8427428736,-0.5859789944
0,1,1,0,0,1,0,0,0,0,1,2,1,0,0,0,1,0,0,0,0,1,55.19355372743545,44.830746762,-0.5738367078
0,1,1,0,0,0,0,0,0,0,0,4,1,0,250,0,0,1,0,0,1,1,76.82747698355496,44.8372131651,-0.5711833872
0,0,0,0,0,0,0,0,0,0,1,3,1,30,500,30,0,0,1,0,0,0,68.90499902665229,44.848549992,-0.5760476859
0,1,1,0,0,0,0,0,1,0,0,2,1,5,150,5,0,0,0,0,0,1,66.04153218648716,44.8505560135,-0.5731047967
0,1,1,0,0,0,0,0,0,0,0,2,1,0,150,0,0,0,0,0,1,1,54.598913776517804,44.8324915428,-0.5633898878
0,1,0,0,0,0,0,0,0,0,0,2,1,0,100,0,0,0,0,0,1,1,52.26561851374638,44.8612123252,-0.563552648
1,1,1,1,0,1,0,0,0,0,0,4,2,50,300,50,0,1,1,0,2,1,105.19633280769642,44.8464134182,-0.5890976242
1,1,1,0,0,1,1,0,0,0,1,2,1,0,0,0,0,0,0,0,0,1,45.73859172945178,44.8599236961,-0.575635565
0,1,0,0,0,0,0,0,0,0,1,2,1,5,85,5,0,0,0,0,0,1,50.59037255946116,44.8455707854,-0.547617832
0,1,1,0,0,0,1,0,0,0,1,6,3,50,800,50,1,0,1,0,0,1,142.47508853577688,44.8361104262,-0.5692964672
0,1,0,0,0,0,0,0,0,0,1,2,2,0,500,0,0,0,1,0,1,1,72.55585773482,44.8393606438,-0.5788763919
1,1,0,0,0,0,0,1,0,0,0,2,1,20,0,20,0,0,0,0,0,1,62.74678288982999,44.8472774304,-0.5779253743
0,0,1,0,0,1,0,0,0,0,0,2,0,0,0,0,0,0,1,0,0,0,28.640043136506804,44.8376949837,-0.568703841
1,1,0,0,0,0,0,0,1,0,0,2,1,0,0,0,0,0,0,0,0,1,64.3355522061286,44.8402957204,-0.5883284912
0,1,0,0,0,0,1,1,0,0,0,2,1,0,0,0,0,0,0,0,1,1,49.29744194858667,44.83985009,-0.5524249922
0,1,0,0,0,0,0,0,0,0,1,2,1,0,0,0,0,0,0,0,1,1,46.9707566699591,44.8315535585,-0.5798104451
0,1,1,0,0,1,1,0,0,0,1,4,1,0,450,0,0,0,0,0,0,1,68.57738182870413,44.8311500056,-0.5808632687
0,1,1,0,0,1,0,0,0,0,1,1,1,0,0,0,0,0,0,0,1,1,37.98066601756861,44.8329116353,-0.5740572202
0,1,1,0,0,1,0,0,0,0,1,2,1,5,500,5,0,0,0,0,1,0,52.719327007156316,44.8336808034,-0.5685513976
1,1,0,0,0,0,0,0,0,0,1,4,1,0,300,0,0,0,1,0,0,1,72.70618441750544,44.8409040261,-0.5726378272
0,1,1,0,0,0,0,0,0,0,1,2,1,15,500,15,0,0,0,0,0,0,57.4831077233729,44.8312525075,-0.5660275076
0,1,1,0,0,1,0,0,0,0,1,3,2,0,0,0,0,0,1,0,2,1,65.80813181031641,44.8522014994,-0.5798736867
1,1,1,0,0,1,1,0,0,0,1,2,1,0,0,0,0,0,0,0,1,1,45.355392834848885,44.8688004188,-0.5479234623
0,1,1,0,0,1,0,0,0,0,1,2,1,0,450,0,0,0,1,0,1,1,55.19504360899409,44.8310439631,-0.5790909604
0,1,0,0,0,0,0,0,0,0,1,2,1,0,0,0,0,1,1,0,0,0,42.44777359213839,44.8482594581,-0.5889640904
0,1,1,0,0,1,0,0,0,0,0,2,1,20,0,20,0,0,0,0,0,0,46.089740618229285,44.8452688762,-0.5805479847
1,1,1,1,0,1,0,0,0,0,1,4,1,15,500,15,0,0,1,0,0,1,82.07367656293701,44.8332720266,-0.581455226
0,1,1,1,0,1,0,0,0,0,0,2,1,20,250,20,0,0,0,0,1,1,61.393175320601124,44.8397645024,-0.5975507302
0,0,1,0,0,0,0,0,0,0,1,2,1,20,500,20,1,0,0,0,0,0,71.30823228045836,44.8400021099,-0.5744857693
0,0,1,0,0,0,0,0,0,0,0,4,1,0,0,0,0,0,1,0,0,1,68.1948112615721,44.8227998073,-0.5700115916
0,1,1,0,0,1,0,0,0,0,1,3,1,0,0,0,1,0,1,0,0,0,53.88529830359535,44.8469206201,-0.5452085628
0,1,0,0,0,1,0,0,0,0,1,4,1,20,0,20,1,0,1,0,0,1,71.71521441431446,44.8415306921,-0.572599658
0,1,1,0,0,1,0,0,0,0,1,2,1,0,90,0,0,0,0,0,1,0,41.11391365388899,44.8374293688,-0.5791909102
0,1,1,0,0,1,1,1,1,0,1,5,2,30,300,30,0,0,1,0,2,1,104.93863341973919,44.8417060967,-0.5732377991
1,1,0,0,0,1,0,0,0,0,1,6,2,10,0,10,0,0,1,0,0,1,95.12538496420342,44.8394778002,-0.5726177065
0,1,0,0,0,0,0,0,1,0,0,2,1,0,0,0,0,0,0,0,0,1,60.08555855843035,44.8388772345,-0.5807255269
0,1,0,0,0,1,1,0,0,0,1,5,2,0,0,0,0,0,1,0,0,1,76.40397672530217,44.8602682587,-0.5563301508
0,1,0,0,0,1,1,0,0,0,1,4,1,0,400,0,0,0,1,0,0,1,64.12015172808955,44.8620083777,-0.5829626009
1,1,1,1,0,1,0,0,0,0,0,6,2,45,500,45,0,0,1,0,0,1,121.41367750560674,44.8541813303,-0.5751591111
1,1,1,0,0,1,0,0,0,0,1,2,1,0,200,0,0,1,1,0,0,1,57.543091413956624,44.8363785665,-0.5718060009
0,1,0,0,0,0,0,0,0,0,0,2,0,0,0,0,0,0,1,0,1,1,32.73295098349847,44.8318998879,-0.5955853486
0,1,0,0,0,0,0,0,0,0,1,2,1,0,0,0,0,0,1,0,0,1,45.23002072671884,44.8293502945,-0.5588263141
1,1,0,0,0,0,1,0,1,0,0,2,1,0,0,0,0,1,0,0,1,1,63.47915993252423,44.8239383804,-0.5845116212
0,1,0,0,0,0,0,0,0,0,1,2,1,0,300,0,0,0,0,0,0,1,55.079182972286446,44.8477706549,-0.5705133063
0,1,1,1,0,0,0,0,0,0,1,4,2,10,500,10,0,0,1,0,0,1,93.89511393855071,44.8379652168,-0.5757942753
0,1,0,0,0,0,0,0,0,0,1,1,1,0,0,0,0,0,0,0,1,1,39.220285352277145,44.8509555577,-0.5822109565
0,1,0,0,0,0,1,0,0,0,1,8,4,0,3000,0,1,1,1,1,4,1,229.15201465716302,44.8571351693,-0.6049393824
1,1,1,0,0,1,0,0,0,0,1,2,1,30,300,30,0,0,1,0,1,1,61.86803892909351,44.8313535593,-0.5808970153
0,1,1,1,0,1,1,0,1,0,1,2,1,25,0,25,0,0,1,0,1,1,56.54544630237502,44.8156957276,-0.5701633666
0,0,0,0,0,0,0,0,0,0,0,2,1,0,0,0,0,0,0,0,0,0,46.83725419888844,44.8284090014,-0.5699883271
0,1,0,0,0,0,0,0,0,0,1,2,1,0,0,0,0,0,0,0,1,0,40.0359647662802,44.8394052811,-0.574914649
0,1,1,0,0,1,0,0,0,0,1,4,1,20,0,20,0,0,1,0,2,1,62.915356489010684,44.8328805913,-0.5642567852
0,1,1,0,0,1,0,0,0,0,0,2,0,0,200,0,0,0,1,0,0,1,37.02668214854246,44.8288888764,-0.5753083968
0,0,0,1,0,0,0,0,0,0,1,2,1,5,300,5,1,0,0,0,0,1,71.21845971623068,44.8415691051,-0.580807449
0,1,0,0,0,0,0,0,0,0,1,4,2,49,250,49,1,0,1,0,0,1,101.3480323704953,44.8491298495,-0.5748470996
0,1,1,0,0,1,0,0,0,0,1,2,1,0,0,0,1,0,0,0,1,0,47.87556292915365,44.8438756147,-0.5799108613
0,1,0,0,0,0,0,0,0,0,1,4,1,49,250,49,0,0,1,0,0,1,77.43515798308336,44.833865952,-0.5680973651
0,1,0,0,0,1,0,0,0,0,1,4,1,0,0,0,1,0,1,0,0,1,67.5248041634722,44.8373430675,-0.5741826743
0,1,1,0,0,1,1,0,0,0,1,2,1,0,0,0,0,0,0,0,1,0,34.170607283471746,44.8514782821,-0.6220589706
0,1,0,0,0,0,0,0,0,0,1,2,1,0,0,0,1,0,0,0,0,1,56.433173062143986,44.8338672075,-0.5753008113
0,1,0,0,0,1,0,0,0,0,1,2,1,0,0,0,0,0,1,0,1,1,42.5614451359234,44.8291823837,-0.5714873052
0,1,1,0,0,1,1,0,0,0,1,6,3,0,0,0,0,0,1,0,3,0,91.94947370681051,44.8236206451,-0.5711150565
0,1,0,0,0,1,1,0,0,0,1,2,1,0,200,0,0,0,0,0,1,1,45.209793430816276,44.8413587091,-0.5561549368
0,1,0,0,0,0,1,0,0,0,1,1,1,0,0,0,0,0,0,0,1,1,34.59454720417724,44.8450977262,-0.5487962452
0,1,1,0,0,1,0,0,0,0,0,2,1,0,200,0,0,0,1,0,0,1,51.8603390383724,44.839182508,-0.5704052419
0,1,1,1,0,0,1,1,0,0,0,4,1,0,200,0,0,0,1,0,0,0,64.63291789052386,44.8582939879,-0.6194780516
0,1,0,0,0,0,1,0,0,0,1,2,1,0,0,0,0,1,0,1,1,1,55.09025602840678,44.8325019192,-0.6032797216
1,1,0,0,0,0,0,0,0,0,1,4,1,0,500,0,0,0,1,0,2,1,77.08993823344929,44.8394803064,-0.5799827253
0,1,0,0,0,0,0,0,0,0,1,3,1,0,0,0,1,0,0,0,0,0,57.248852476147036,44.8542228968,-0.5697845732
0,1,0,0,0,0,0,0,0,0,1,2,1,0,0,0,0,0,0,0,0,1,47.35395556456199,44.8234588204,-0.5635539525
0,1,0,0,0,0,0,0,0,0,1,2,1,0,300,0,0,0,0,0,0,0,48.14439106860755,44.8430223917,-0.5850604198
0,1,0,0,0,0,0,0,0,0,0,2,1,50,500,50,0,0,0,0,0,1,73.42514624575423,44.832010344,-0.570403095
0,1,1,0,0,1,1,0,0,0,1,3,1,20,300,20,0,0,0,0,0,0,54.21991515432332,44.8230530396,-0.6039584995
1,1,1,0,0,0,1,0,0,0,1,4,2,0,200,0,1,1,1,0,2,0,86.91535729194041,44.8379228257,-0.571035644
0,1,1,0,0,0,0,0,0,0,1,2,1,6,1000,6,0,1,0,0,1,0,72.24214799786353,44.8520649372,-0.5763677763
0,0,0,0,0,0,0,0,0,0,0,6,3,35,250,35,0,0,1,0,0,1,126.08821776052292,44.831586286,-0.5846639766
0,1,0,0,0,0,0,0,0,0,1,2,0,0,0,0,0,0,1,0,0,1,30.396363836888902,44.8310316781,-0.6078068903
0,1,0,0,0,0,0,0,0,0,0,3,0,7,250,7,0,0,1,0,0,0,41.83616238633626,44.8298383632,-0.5731657716
0,1,0,0,0,0,0,0,0,0,0,2,1,0,0,0,0,0,0,0,0,1,50.07374160577445,44.8544088322,-0.5780304521
0,1,0,0,0,0,1,0,0,0,1,2,1,0,0,0,0,0,0,0,0,1,42.72821741646208,44.8338863378,-0.5875820656
0,1,0,0,0,0,1,0,0,0,0,4,1,15,0,15,0,0,1,0,2,1,61.20142115412121,44.8618235213,-0.5575491251
0,1,1,1,0,1,1,1,0,0,1,6,3,0,500,0,1,0,1,0,3,1,127.3856516933193,44.8428105747,-0.5634684455
0,1,0,0,0,0,0,0,0,0,0,2,1,0,250,0,0,0,1,0,0,0,47.45270437068945,44.8438046134,-0.5779827212
1,1,1,0,0,1,1,0,0,0,1,4,2,65,400,65,1,0,1,0,0,1,106.94761043992114,44.8375820378,-0.5701970255
1,1,0,0,0,0,0,0,0,0,1,4,2,70,500,70,0,0,1,0,3,1,106.20683210662429,44.8398032411,-0.5771430156
0,1,0,0,0,0,1,0,0,0,0,2,1,0,0,0,1,0,0,0,1,0,47.20923015697474,44.8418256624,-0.5604545044
0,1,1,0,0,1,1,0,0,0,1,4,2,40,400,40,0,0,1,0,0,1,88.38038648108805,44.8137645908,-0.568371295
1,1,0,0,0,0,0,0,0,0,0,4,0,0,250,0,0,0,1,0,0,1,59.30477566760055,44.8295694871,-0.5779320203
0,1,1,0,0,1,0,0,0,0,1,1,1,0,0,0,0,0,0,0,1,1,37.98066601756861,44.8412389111,-0.5735827743
1,1,1,0,0,1,0,0,0,0,0,6,3,30,1200,30,0,1,1,0,0,1,152.96844990756838,44.8198538486,-0.5629443379
0,1,1,0,0,1,1,0,0,0,1,4,1,0,0,0,0,0,1,0,2,1,54.0992080900685,44.86817174,-0.5738510172
0,1,1,0,0,0,1,0,0,0,0,3,1,10,100,10,0,0,0,0,3,1,57.76491638102778,44.826625573,-0.5807165784
0,1,0,0,0,0,0,0,0,0,1,2,1,0,0,0,1,0,0,0,0,1,56.433173062143986,44.8471309195,-0.5719552139
1,1,1,1,0,1,0,1,0,0,1,4,1,0,0,0,0,0,1,0,0,1,70.28812724744624,44.8426289717,-0.5833257105
0,1,1,0,0,0,1,0,0,0,1,3,1,0,200,0,1,0,0,0,3,1,64.604218514551,44.858923984,-0.5583302357
0,1,1,0,0,1,1,0,0,0,1,7,4,0,0,0,0,0,1,0,0,1,122.61799050180997,44.832052918,-0.591540399
1,1,0,0,0,0,0,1,0,0,1,6,3,40,500,40,0,1,1,0,4,0,131.3230076118864,44.8227106541,-0.5667958009
0,1,0,0,0,0,0,0,0,0,1,1,1,0,0,0,0,0,0,0,1,0,32.285493448598245,44.8422402594,-0.5891620766
1,1,1,0,0,1,1,0,0,0,1,4,1,0,500,0,1,0,0,0,2,1,82.42773308606598,44.8414376943,-0.5705405221
0,1,0,0,0,0,0,0,0,0,0,2,0,12,300,12,0,0,0,0,0,1,45.47955827417433,44.8338865629,-0.5741375785
0,1,1,0,0,0,0,0,0,0,0,3,1,15,0,15,0,0,1,0,0,0,52.954051231550075,44.8469859624,-0.5884430098
0,1,1,1,0,1,0,0,0,0,1,4,2,0,300,0,1,0,1,0,0,0,86.50880610569048,44.8338490496,-0.5651769826
0,1,1,1,0,1,0,0,0,0,1,2,1,10,400,10,1,0,1,0,0,1,67.77927941217149,44.8346624297,-0.565238478
1,1,1,1,0,0,0,0,0,0,1,2,1,5,0,5,0,0,1,0,1,1,53.50432759086755,44.8540325101,-0.5713502776
0,1,0,0,0,0,1,0,0,0,0,2,1,0,0,0,0,1,0,0,0,1,49.60054822677299,44.8539727348,-0.5811121917
0,1,1,0,0,0,1,0,0,0,0,2,1,0,0,0,0,1,1,0,1,0,41.20437995213206,44.8470077158,-0.5849619246
1,0,1,0,0,0,0,0,0,0,0,4,1,0,0,0,0,0,0,0,0,1,74.56873974711348,44.8455566857,-0.5878220803
0,1,0,0,0,0,1,0,0,0,0,2,1,0,0,0,0,0,0,0,0,1,45.448003457674545,44.8242836284,-0.5805843971
0,1,1,0,0,0,1,0,0,0,0,2,1,0,0,0,0,0,0,0,0,0,39.55896891547965,44.8754928735,-0.5544544551
1,1,0,0,0,0,1,0,0,0,1,4,2,40,500,40,1,0,1,0,0,1,105.52429276365166,44.8389267107,-0.6127688929
0,1,0,0,0,0,0,0,0,0,1,4,1,30,400,30,0,0,1,0,0,1,77.31688194864543,44.8528492322,-0.5722761385
0,1,0,0,0,0,0,0,0,0,1,5,2,0,0,0,1,0,0,0,2,1,93.75184611581399,44.8375529591,-0.5685316335
1,1,0,0,0,0,0,0,0,0,1,2,1,0,200,0,0,0,0,0,1,0,49.436110019128066,44.852493514,-0.5701298786
1,1,1,1,0,1,0,0,0,0,1,2,0,30,400,30,1,0,0,0,1,0,56.191970460443414,44.8368423088,-0.5788033919
0,1,1,0,0,0,0,0,0,0,1,4,1,0,0,0,0,0,0,0,0,0,56.965863657731006,44.8244061862,-0.5695603632
1,1,1,0,0,1,1,0,0,0,1,4,1,0,150,0,0,0,1,0,0,0,56.043421327155855,44.8333323679,-0.5853655449
0,1,0,0,0,1,0,0,0,0,0,2,0,5,150,5,0,0,0,0,0,1,37.86492428632476,44.8329622489,-0.5757909961
1,1,1,0,0,1,0,0,0,0,0,4,1,0,0,0,0,0,1,0,0,1,66.4611237162849,44.8340482634,-0.574346393
0,1,1,1,0,1,0,0,1,0,1,8,3,0,500,0,0,0,1,0,4,1,143.82909565173907,44.8579885123,-0.5692557545
0,1,1,1,0,1,0,0,0,0,1,2,1,5,0,5,1,1,1,0,0,0,53.64912650458119,44.8248755656,-0.5666924394
0,1,0,0,0,0,0,0,0,0,0,2,1,0,0,0,0,0,1,0,2,1,47.18340897872552,44.8346749057,-0.5788308178
0,0,1,0,0,1,1,0,0,0,0,2,0,0,250,0,0,0,0,0,1,0,32.1927304380842,44.844999693,-0.5810176331
0,1,0,1,0,0,1,0,0,0,1,4,2,30,0,30,0,0,1,0,0,1,79.53864966693496,44.8508201145,-0.5907580425
0,1,1,1,0,1,0,0,0,0,0,4,1,0,0,0,0,0,1,0,1,1,64.14208336084255,44.8388683347,-0.5685797991
0,1,1,0,0,1,0,0,0,0,0,3,1,20,0,20,0,0,1,0,0,1,58.65106900174698,44.8273805183,-0.5726626562
0,1,0,0,0,0,0,0,0,0,0,2,1,0,300,0,0,0,0,0,0,0,50.86417710982001,44.831904998,-0.5719597425
0,1,0,0,0,0,0,0,0,0,1,2,1,0,0,0,0,0,0,0,0,0,40.41916366088309,44.8477183335,-0.5752531692
0,1,1,0,0,1,0,1,0,0,1,2,1,0,300,0,1,0,0,0,1,1,66.76821962607204,44.8373514422,-0.5733565568
0,1,0,0,0,0,0,0,0,0,0,3,0,18,360,18,0,0,1,0,0,0,46.97347140713181,44.8335410793,-0.5768135328
1,1,0,0,0,1,1,0,1,0,1,8,3,30,700,30,0,1,1,0,3,1,156.06495224810902,44.8266965933,-0.5669045349
0,1,1,0,0,1,0,0,0,0,0,2,1,25,300,25,0,0,0,0,0,1,61.79736249234321,44.8336833235,-0.569079524
0,1,1,1,0,1,1,0,1,0,1,4,2,60,450,60,1,0,1,0,0,1,115.26352127031441,44.823456764,-0.5859023163
1,1,0,1,0,0,0,0,0,0,1,2,1,0,0,0,0,1,1,0,1,1,55.563512435771415,44.8431767078,-0.6085476683
0,1,1,0,0,0,0,0,0,0,0,2,1,0,0,0,0,0,0,0,0,0,44.184707063579566,44.8238963999,-0.5759698619
1,1,1,0,0,1,1,0,0,0,1,6,2,100,2000,100,1,1,0,0,0,1,177.25946346239772,44.8374380365,-0.6063006353
0,1,0,0,0,0,0,0,0,0,1,2,1,0,0,0,0,0,1,0,1,1,44.84682183211595,44.8486722059,-0.5873296505
0,1,1,0,0,1,0,0,0,0,0,2,0,15,0,15,0,0,0,0,0,0,30.208481165688774,44.8386056521,-0.5738676409
0,1,1,0,0,1,0,0,0,0,1,2,0,0,0,0,0,0,0,0,2,1,30.51428155081772,44.8624555853,-0.5602228811
0,1,0,0,0,0,1,0,0,0,1,4,1,49,250,49,0,0,1,0,0,1,72.80941983498344,44.8602220787,-0.5539531137
1,1,0,0,0,0,0,0,0,0,0,4,1,10,100,10,0,0,1,0,0,1,72.3710239789894,44.8384186426,-0.5708156867
0,1,0,0,0,1,0,0,1,0,1,1,1,5,100,5,1,0,1,0,0,1,57.90788552836762,44.8369926484,-0.5679832619
1,1,0,0,0,0,1,0,0,0,1,12,4,50,1500,50,1,0,1,0,0,1,225.04134023593647,44.8321437234,-0.5782263022
0,1,0,0,0,0,0,0,0,0,0,7,2,20,0,20,0,0,1,0,4,1,104.1934349186017,44.8332671775,-0.5679330228
0,1,0,0,0,0,0,0,0,0,1,1,1,0,0,0,0,0,0,0,0,0,32.668692343201144,44.8537931194,-0.5967182002
1,1,1,0,0,1,0,0,0,0,1,2,1,49,250,49,1,0,1,0,0,1,74.02380715829115,44.8458133712,-0.5770662546
0,1,1,0,0,1,1,0,0,0,1,2,1,0,0,0,1,1,1,0,0,1,52.596425510590834,44.856708868,-0.6075219431
0,1,0,0,0,0,0,0,0,0,1,2,1,0,0,0,1,0,1,0,1,1,53.92603932969795,44.8209724424,-0.573650433
0,1,0,0,0,0,0,0,0,0,1,2,1,0,0,0,0,0,1,0,0,0,38.29522882303994,44.8608175725,-0.5713990326
0,1,0,0,0,0,0,0,0,0,1,2,1,0,0,0,0,0,1,0,0,1,45.23002072671884,44.8424615256,-0.5798957555
0,1,1,0,0,0,1,0,0,0,1,2,1,30,800,30,0,0,1,0,0,1,68.5362617369649,44.8222428672,-0.5715904047
0,1,1,0,0,1,0,1,0,0,1,5,2,17,500,17,1,0,1,0,0,1,111.82455484407315,44.8338869089,-0.5668422331
0,1,1,0,0,0,0,0,0,0,1,5,2,30,0,30,1,0,1,0,2,0,92.02449211203935,44.8332197215,-0.5754223468
0,1,0,0,0,1,1,0,0,0,1,2,1,60,0,60,0,0,1,0,0,1,50.890136634953194,44.8559680124,-0.6263845862
0,1,1,0,0,1,0,0,0,0,1,4,1,0,700,0,0,0,1,0,0,1,77.51687464539793,44.8402937103,-0.5716453553
0,1,0,0,0,0,0,0,0,0,0,4,1,20,200,20,0,0,0,0,0,0,67.98045419345137,44.836559738,-0.5776146747
0,1,0,0,0,1,0,0,0,0,1,4,1,15,700,15,0,0,1,0,1,1,79.23072607744274,44.8542561445,-0.5769571563
0,1,1,0,0,0,0,0,0,0,1,2,1,0,0,0,1,1,0,0,0,0,54.69668328904754,44.855572642,-0.5697265514
1,1,1,1,0,1,1,0,0,0,0,8,4,50,1500,50,0,0,1,0,4,1,187.2217607825778,44.8294723064,-0.591822033
1,1,1,1,0,1,1,0,0,0,1,2,1,20,600,20,1,0,0,0,0,1,76.77282648018374,44.8431033686,-0.574593823
1,1,0,0,0,0,0,0,0,0,1,6,3,0,0,0,1,0,1,0,3,1,118.07883423857808,44.8531070776,-0.571217862
1,1,1,0,0,1,0,0,0,0,1,4,1,30,500,30,1,0,1,0,0,1,91.98154956179195,44.8326961182,-0.5966527273
1,1,0,0,0,0,0,0,0,0,1,6,3,70,0,70,1,1,1,0,0,1,138.04741156943317,44.8382180307,-0.5684998579
0,1,0,0,0,0,0,0,0,0,1,4,2,0,0,0,0,1,1,0,3,1,78.56756833720246,44.8144049759,-0.5685797027
0,0,0,0,0,0,1,0,0,0,0,2,1,0,0,0,0,0,0,0,0,1,49.14630795446743,44.8749038234,-0.5494764192
0,1,1,0,0,1,0,0,0,0,1,2,1,5,0,5,0,0,1,0,0,1,45.03800395472087,44.8286712798,-0.5855940412
0,1,0,0,0,1,0,0,0,0,1,1,1,0,0,0,0,0,0,0,1,1,36.934908656084595,44.8224768944,-0.5507126469
1,1,0,1,0,1,1,0,0,0,1,4,1,18,0,18,0,0,1,0,2,1,63.388965788899554,44.8322951303,-0.5744604328
0,1,0,0,0,1,0,0,0,0,1,2,1,30,300,30,0,0,0,0,0,0,52.144629748678405,44.8371723935,-0.5680041148
0,1,1,0,0,0,0,0,0,0,1,2,1,0,0,0,0,0,0,0,1,0,41.08172212776421,44.8574874275,-0.5897761756
0,1,0,0,0,0,0,0,0,0,0,4,1,0,100,0,0,0,1,0,0,1,66.02582520587002,44.8399683436,-0.5834270155
0,1,1,0,0,0,0,0,0,0,1,2,1,8,0,8,0,0,1,0,0,0,41.01715028486086,44.8414585016,-0.5872936327
1,1,0,0,0,0,0,0,0,0,1,2,1,5,0,5,1,0,0,0,0,1,61.7307692725528,44.8312296073,-0.5606616817
0,1,0,0,0,0,0,0,0,0,1,2,1,0,0,0,0,0,1,0,0,1,45.23002072671884,44.8378561737,-0.5730937227
0,1,0,0,0,0,0,0,0,0,1,6,3,50,700,50,0,0,0,0,0,1,136.5247108600791,44.8310675201,-0.6044644999
0,1,1,0,0,1,0,0,0,0,1,4,1,0,0,0,0,0,1,0,0,1,59.491344027374204,44.8625485837,-0.5589519594
0,1,1,0,0,0,0,0,0,0,1,4,1,35,500,35,0,0,1,0,0,1,81.98531767541483,44.8522770989,-0.5758023909
0,1,0,0,0,0,0,0,0,0,1,2,0,0,200,0,1,0,0,0,1,1,46.366468882860794,44.8380360492,-0.5684834213
1,1,0,0,0,0,0,0,0,0,1,4,1,20,450,20,0,1,1,0,0,1,84.91175314130838,44.8324846202,-0.5734365428
0,1,0,0,0,0,0,0,0,0,1,2,0,0,0,0,0,0,0,0,0,0,25.585506771053147,44.8408250743,-0.5714715752
0,0,0,0,0,1,1,0,0,0,1,4,2,25,200,25,0,0,1,0,0,0,75.80518241943669,44.8395775447,-0.5917420025
0,1,0,1,0,1,1,0,0,0,1,2,1,9,182,9,0,0,1,0,0,0,40.27058873917146,44.851740069,-0.6168721959
1,1,1,0,0,1,0,0,0,0,0,2,1,20,250,20,0,0,0,0,1,1,63.32901678144058,44.8370398474,-0.5706119375
1,1,0,0,0,0,0,0,0,0,1,3,1,0,0,0,0,0,1,0,0,0,50.29569378842013,44.8292409673,-0.5767080201
0,1,0,0,0,0,0,0,0,0,1,4,1,15,400,15,1,1,0,0,0,1,89.52977136503732,44.8387327877,-0.5713452874
0,1,0,1,0,0,0,1,1,0,0,4,1,15,400,15,0,0,1,0,0,1,93.45246682675588,44.8242819292,-0.5921642982
0,1,1,0,0,1,0,0,0,0,1,2,1,0,300,0,1,0,1,0,1,1,60.41164740271386,44.8553010933,-0.5696445842
0,0,0,0,0,0,0,0,0,0,1,2,1,0,500,0,0,0,0,0,1,1,63.544440179626086,44.8469889327,-0.5853832605
0,1,1,0,0,0,0,0,0,0,0,2,1,0,0,0,0,0,1,0,0,0,42.060772225736414,44.8300550648,-0.5724936099
0,1,1,0,0,1,0,0,0,0,1,2,1,0,0,0,0,0,1,0,1,1,43.60720249740741,44.8363711666,-0.5666510906
0,1,0,0,0,1,0,0,1,0,0,2,1,0,0,0,0,0,1,0,0,1,55.67624702439465,44.872625001,-0.5464000384
0,1,1,0,0,1,0,0,0,0,0,5,2,0,1000,0,0,0,1,0,0,1,110.54601630184675,44.8404562946,-0.5809199289
0,1,1,0,0,0,0,0,1,0,1,6,2,0,0,0,0,1,1,0,0,1,106.27568197051494,44.8371616457,-0.5678359761
1,1,1,0,0,1,1,0,0,0,1,3,1,5,100,5,0,0,1,0,0,1,54.98780657457597,44.8594690067,-0.5772308625
0,1,0,0,0,1,0,0,0,0,0,2,0,10,225,10,0,0,0,0,0,1,40.843833700966435,44.8404919416,-0.581491707
0,1,0,0,0,0,0,0,0,0,0,2,1,0,0,0,0,0,0,0,1,0,42.75575080749266,44.8388013135,-0.5915853975
1,1,0,0,0,0,1,0,0,0,0,4,1,25,0,25,0,0,1,0,0,0,61.378225812767475,44.8440768982,-0.5611281853
0,0,0,0,0,1,0,0,0,0,1,4,1,0,200,0,0,0,0,0,0,0,62.483185701996966,44.8275325342,-0.5606022098
1,1,1,0,0,0,0,0,0,0,1,2,0,25,800,25,0,0,1,0,0,1,61.530734080222544,44.8429525646,-0.5852908775
1,1,0,0,0,0,0,0,0,0,1,4,1,50,500,50,0,0,0,0,0,1,90.45629648760391,44.8449791077,-0.5767011148
0,1,1,0,0,1,0,0,0,0,1,3,1,20,400,20,0,0,0,0,0,1,68.35552100867696,44.8508321076,-0.5770453901
0,1,1,0,0,1,0,0,0,0,1,2,1,10,100,10,0,0,0,0,0,1,50.784617157849404,44.8278167581,-0.5745842516
1,0,1,0,0,1,1,0,0,0,1,2,0,0,0,0,0,0,0,0,0,0,27.668447432735825,44.8527589023,-0.5853656174
0,1,0,0,0,0,0,0,0,0,1,2,1,0,150,0,1,1,1,0,0,1,62.32439669726151,44.8263719429,-0.588921687
0,1,0,0,0,0,0,0,0,0,0,5,1,0,150,0,0,0,1,0,0,0,68.12904252116049,44.8337827782,-0.5753880015
0,1,0,0,0,1,0,0,0,0,1,4,1,0,0,0,1,0,1,0,1,1,67.1416052688693,44.8317534652,-0.574236274
0,1,1,1,0,1,1,0,0,0,1,6,3,35,0,35,1,1,1,0,0,1,122.91299468681129,44.8407781913,-0.5581310757
0,1,0,0,0,0,0,0,0,0,1,3,1,60,500,60,0,0,0,0,0,1,80.55103664764486,44.8396156938,-0.5715612532
0,1,0,0,0,0,0,0,0,0,0,3,0,30,200,30,0,0,1,0,0,1,52.30238817719636,44.838813681,-0.5694232935
1,1,0,0,0,0,1,0,0,0,0,4,2,40,600,40,1,0,1,0,0,1,110.81915460743895,44.8369835129,-0.5668978037
1,1,1,1,0,0,1,0,0,0,0,4,1,30,300,30,0,0,1,0,2,0,72.7445675423395,44.828425909,-0.5728339111
1,1,1,1,0,1,0,0,0,0,0,2,0,40,250,40,0,0,1,0,1,1,52.87598749146854,44.8387464679,-0.5719999372
0,1,1,0,0,1,0,0,0,0,1,2,0,30,500,30,0,0,0,0,0,1,50.44167372916101,44.841921198,-0.5801149717
0,1,1,0,0,1,1,0,0,0,1,2,0,0,0,0,0,0,0,0,0,1,26.654941191923598,44.8555121122,-0.6230531908
0,1,0,0,0,1,0,0,0,0,1,5,2,20,0,20,0,0,1,0,0,0,78.28533322056546,44.8577871335,-0.5707970269
0,1,0,0,0,0,0,0,0,0,1,4,2,0,500,0,1,0,1,0,0,0,90.58442485868989,44.8503755628,-0.5701160094
0,1,1,0,0,1,0,0,0,0,1,4,2,0,1000,0,0,0,1,0,0,1,100.07575894295235,44.8405305706,-0.5790829261
0,1,0,0,0,0,1,0,0,0,1,4,1,6,0,6,0,0,1,0,2,0,49.66115859635082,44.823203008,-0.5778141131
0,1,0,0,0,1,0,0,0,0,1,2,1,5,0,5,0,0,1,0,1,0,36.67425579495506,44.8376966397,-0.5798655468
1,1,1,0,0,1,1,0,0,1,1,6,4,50,0,50,1,1,1,0,0,1,151.7412372814167,44.824902846,-0.5721919125
0,1,1,1,0,1,1,0,0,0,1,5,1,30,1500,30,0,0,1,0,2,1,109.07558400949493,44.8415975212,-0.5728762523
1,1,1,0,0,1,1,0,0,0,1,5,2,0,0,0,0,0,1,0,3,1,80.55013105067574,44.8189971989,-0.5780479553
0,1,0,0,0,0,0,0,1,0,1,2,1,25,300,25,0,0,1,0,0,1,68.20507790065204,44.8525177554,-0.5772628869
0,1,0,0,0,0,1,0,0,0,1,4,1,10,1000,10,1,0,1,0,0,0,86.09561395905527,44.8663811581,-0.5497606352
0,1,1,0,0,1,0,0,0,0,0,2,0,5,600,5,0,0,0,0,0,1,50.498522759395456,44.845063529,-0.5804970847
0,1,1,0,0,1,1,1,0,0,1,4,2,20,1000,20,0,0,1,1,0,1,112.46576116865887,44.824329018,-0.598569165
0,1,1,0,0,0,0,0,0,0,1,4,1,0,500,0,0,0,1,0,0,1,74.65209973644085,44.8377732515,-0.5759361749
0,0,0,0,0,1,0,0,0,0,1,2,0,15,150,15,0,0,0,0,0,0,34.00385596364742,44.8381870577,-0.5707654889
0,0,1,0,0,1,0,0,0,0,1,2,1,0,0,0,0,0,0,0,0,1,49.812640726646336,44.8360003742,-0.5678327288
0,1,1,1,0,1,1,0,0,0,1,4,1,30,500,30,0,0,1,1,2,1,84.16704740351393,44.8590590373,-0.5668577455
0,1,0,0,0,0,0,0,0,0,1,2,1,0,0,0,0,0,0,0,0,1,47.35395556456199,44.8577141168,-0.5658265702
1,1,1,0,0,1,0,0,0,0,1,4,2,40,350,40,0,0,1,0,0,1,95.96858037559879,44.8377253357,-0.567773288
0,1,1,1,0,1,1,0,0,0,1,6,2,0,250,0,0,0,1,0,0,1,93.95204709776397,44.8689967515,-0.5521699778
0,1,0,0,0,0,0,0,0,0,0,2,1,0,0,0,0,0,1,0,0,1,47.94980676793131,44.8414287113,-0.5721868758
0,1,1,1,0,1,0,0,0,0,0,2,1,20,200,20,0,0,0,0,0,1,60.4888363139166,44.8420886158,-0.5858054582
0,1,1,0,0,1,0,0,0,0,1,5,3,0,600,0,1,1,1,0,0,1,125.5913462068454,44.8210659447,-0.5745319535
0,1,1,0,0,1,0,0,0,0,1,4,2,0,1500,0,0,0,1,0,2,1,112.18474016662066,44.8312091773,-0.5874261106
0,1,1,0,0,1,1,0,0,0,1,2,1,0,90,0,0,0,1,0,0,1,41.68223146622773,44.8343323612,-0.5701490786
0,1,1,0,0,1,1,0,1,0,1,8,3,40,1000,40,0,0,1,0,4,1,158.14540483133905,44.837533578,-0.5672314308
0,1,0,0,0,0,0,0,0,0,1,2,1,0,0,0,0,0,0,0,1,0,40.0359647662802,44.8418629117,-0.5753975312
1,1,0,0,0,0,0,0,0,0,1,8,4,0,0,0,1,1,1,0,0,1,153.71557521667907,44.8536978768,-0.5836008289
1,1,1,0,0,1,1,0,0,0,0,3,1,0,500,0,0,0,1,0,0,1,66.96029326337714,44.8405607795,-0.580271277
0,1,0,0,0,1,1,0,0,0,1,8,5,60,500,60,1,1,1,0,0,1,182.83473337991921,44.8124902981,-0.5677412752
0,1,1,1,0,1,1,0,0,0,0,2,0,30,200,30,0,0,0,0,0,1,43.12464640140789,44.8124885407,-0.5694708612
1,1,0,0,0,0,0,0,0,0,1,2,1,0,0,0,0,0,0,0,1,1,51.220750317657334,44.8303869358,-0.5751273841
1,1,0,1,0,0,0,0,1,0,1,4,2,30,0,30,1,0,1,0,2,1,106.73901812376523,44.860065265,-0.5686235177
0,1,1,0,0,1,0,0,0,0,1,2,0,0,0,0,0,0,0,0,0,0,24.345887436344608,44.8235115955,-0.5745373003
1,1,1,0,0,0,0,0,0,0,0,4,1,0,150,0,0,0,0,0,2,1,73.96665116497704,44.8436357084,-0.5810746006
0,1,1,0,0,1,1,1,1,0,1,8,4,60,250,60,1,1,1,0,0,1,176.85359868330713,44.8312299985,-0.5673023979
1,1,0,0,0,0,1,0,0,0,1,2,1,0,350,0,0,0,1,0,1,0,46.54905073704724,44.8577244839,-0.568193908
0,1,0,0,0,0,0,0,0,0,0,2,1,0,0,0,0,0,1,0,0,0,41.01501486425241,44.8422592289,-0.5553907095
0,1,1,0,0,1,0,0,0,0,0,3,1,5,0,5,0,0,1,0,0,0,48.573469409936386,44.8420122117,-0.580417659
0,1,0,0,0,0,0,0,0,0,1,3,1,20,200,20,0,0,1,0,0,1,62.321053900392705,44.837031537,-0.567952031
1,1,0,0,0,1,0,0,0,0,1,2,1,5,0,5,0,0,1,0,0,1,48.2422402409351,44.830066569,-0.5739187899
1,1,1,1,0,1,0,0,1,0,1,4,1,40,400,40,1,0,1,0,0,1,103.82764802415294,44.8330874915,-0.5644904912
0,1,0,0,0,1,0,0,0,0,1,4,1,20,200,20,0,0,0,0,2,1,69.14368557051947,44.8381598399,-0.5698912774
0,1,1,0,0,1,0,0,0,0,1,6,2,30,500,30,0,0,1,0,0,1,108.98693794170555,44.8368224521,-0.5670617209
0,1,1,1,0,1,0,0,1,0,1,2,1,0,0,0,1,0,0,0,0,1,67.51952286695013,44.8632016859,-0.6259261819
0,1,1,0,0,1,0,0,0,0,1,12,4,45,0,45,1,0,1,0,6,1,182.20453243267937,44.8420006175,-0.5911038577
0,1,1,0,0,0,0,0,0,0,0,2,0,0,0,0,0,0,0,0,1,1,35.90264318282563,44.8510893548,-0.5799081291
0,1,0,0,0,1,0,0,0,0,1,2,1,0,0,0,0,0,1,0,1,1,42.5614451359234,44.8533274628,-0.5764697286
0,1,0,0,0,0,0,0,0,0,1,2,1,0,0,0,0,0,1,0,1,1,44.84682183211595,44.8432788367,-0.5626901689
0,1,1,1,0,1,0,0,0,0,1,2,1,10,500,10,0,0,0,0,1,1,63.01587366040457,44.8466662292,-0.576526902
1,1,0,1,0,0,0,0,0,1,1,2,1,35,500,35,0,0,1,0,2,1,80.15230227972245,44.8525773783,-0.571133904
0,1,0,0,0,0,0,0,0,0,0,2,0,0,0,0,0,0,0,0,0,1,35.24008471594451,44.8324626723,-0.5813802061
0,1,1,1,0,1,0,0,0,0,1,2,1,10,250,10,1,0,0,0,1,1,65.65740165154952,44.8384388627,-0.5700497923
0,1,0,0,0,0,0,0,0,0,0,1,1,0,0,0,0,0,0,0,0,0,35.3884783844136,44.8257604385,-0.5623256759
0,0,0,0,0,0,1,0,0,0,1,2,0,0,0,0,0,0,1,0,0,1,29.468930185581875,44.8236876525,-0.5750361863
1,1,1,0,0,1,0,0,0,0,1,4,1,30,500,30,0,0,0,0,2,1,84.25986911284731,44.8448772582,-0.5804883303
0,1,1,0,0,1,0,0,0,0,1,2,1,0,0,0,0,0,0,0,1,0,38.79634543157165,44.839790806,-0.578392515
0,1,0,0,0,0,1,0,0,0,1,4,1,0,0,0,0,0,0,0,0,1,58.229160051825986,44.8433664947,-0.5507251855
0,0,0,0,0,0,0,0,0,0,0,2,1,10,300,10,0,0,0,0,1,1,63.20927974111004,44.8369498629,-0.5679812911
0,1,1,0,0,1,1,0,0,0,0,3,2,0,300,0,0,0,1,0,0,1,72.39380490035921,44.8384376326,-0.570498804
0,1,1,0,0,1,0,0,0,0,1,2,1,20,100,20,0,0,1,0,0,1,50.75588744542739,44.8357679658,-0.567711872
1,1,1,0,0,1,0,0,0,0,1,6,4,0,500,0,1,0,1,0,4,1,144.1650519119707,44.8198852034,-0.565230823
0,0,0,0,0,0,0,1,0,0,1,3,1,10,580,10,0,0,1,0,1,0,70.62408790878199,44.8457141103,-0.5853939531
1,1,1,1,0,1,0,0,0,0,1,2,0,30,400,30,1,0,0,0,1,0,56.191970460443414,44.8357903626,-0.5789272262
0,1,1,0,0,1,0,0,0,0,1,4,1,0,0,0,0,0,1,0,0,0,52.556552123695305,44.8459619019,-0.581690567
0,1,0,1,0,0,0,0,0,0,0,4,1,0,0,0,0,0,1,0,0,1,65.76490159015398,44.8328695547,-0.5738278634
0,1,1,0,0,1,1,0,0,0,1,2,1,0,0,0,0,0,0,0,1,1,41.105399187150645,44.8628716848,-0.5608225167
0,0,1,1,0,1,0,0,0,0,1,2,1,0,400,0,0,0,0,0,1,1,62.043897229201505,44.8571156619,-0.5702785751
0,0,0,0,0,0,0,0,0,0,0,4,1,0,0,0,0,0,0,0,0,0,62.338196834252344,44.8364865981,-0.6022848832
0,1,0,0,0,0,0,0,0,0,0,4,1,15,0,15,0,0,1,0,0,1,66.5935570914269,44.8358012744,-0.5774505702
0,1,0,0,0,0,0,0,0,0,0,4,2,35,400,35,0,0,1,0,0,1,95.91792744239841,44.8401153805,-0.5855217115
0,1,1,0,0,1,0,0,0,0,0,2,1,0,0,0,0,0,1,0,0,1,46.710187433222764,44.8191264267,-0.5736232377
0,1,1,0,0,1,1,0,0,0,1,2,1,0,0,0,1,0,0,0,0,1,50.56781557933554,44.8628578484,-0.5773898556
0,1,0,0,0,1,1,0,1,0,1,2,1,0,300,0,1,0,1,0,0,0,58.20037583670984,44.8203622666,-0.5511146649
0,0,0,0,0,0,0,0,0,0,1,2,2,0,0,0,1,0,0,0,0,0,68.03034254508792,44.8218202421,-0.5694794735
0,1,0,1,0,0,1,0,0,0,1,3,2,0,0,0,0,0,1,0,2,1,64.73616518378381,44.8504785743,-0.6135975117
0,1,0,0,0,0,0,0,0,0,1,2,1,15,200,15,0,0,1,0,0,0,46.588188116321284,44.8308896431,-0.5692134584
0,1,1,0,0,1,0,0,0,0,0,2,1,5,150,5,0,0,1,0,0,0,44.68561179611666,44.832882019,-0.5692636023
0,1,0,0,0,0,0,0,0,0,0,2,1,5,100,5,0,0,0,0,0,1,53.69641997105984,44.8536737626,-0.5682136694
0,0,0,0,0,0,0,0,0,0,0,4,1,20,500,20,0,0,1,0,0,0,77.28005126012556,44.8315236125,-0.5694790359
0,1,0,1,0,0,0,0,0,0,1,2,0,0,0,0,1,0,1,0,0,1,41.78973352132968,44.8502376101,-0.5739847546
0,0,0,0,0,1,1,0,0,0,1,4,1,0,200,0,0,0,1,0,0,0,55.73351271605391,44.8633839947,-0.5677504504
0,1,0,0,0,0,0,0,0,0,1,4,2,20,300,20,1,0,1,0,3,1,95.40987872425274,44.8593137408,-0.5553361787
0,0,0,0,0,0,0,0,0,1,1,2,1,10,1500,10,1,0,1,0,0,1,107.64482144094146,44.8502753916,-0.539412672
0,1,1,1,1,1,1,1,0,0,1,7,4,25,1101,25,1,1,1,0,0,1,192.74152618205622,44.8300609243,-0.5996789251
0,1,1,0,0,0,0,0,0,0,1,4,1,0,0,0,0,0,1,1,0,1,70.36941346101591,44.8200274152,-0.5712084642
0,1,0,0,0,0,0,0,0,0,1,1,1,0,400,0,0,0,0,0,0,1,49.90378745717932,44.8210139867,-0.5713809947
0,1,1,0,0,1,0,1,0,0,1,3,1,30,400,30,0,0,1,0,1,1,72.17622978716707,44.8460881476,-0.5790907671
0,1,0,0,0,0,0,0,0,0,0,2,0,0,200,0,0,0,0,0,0,1,40.39023632109415,44.8456978297,-0.5778180479
0,1,1,0,0,0,0,0,0,0,1,2,0,0,0,0,0,0,0,0,0,0,26.63126413253716,44.8383645705,-0.5723984052
1,1,1,0,0,1,0,0,0,0,1,2,1,10,150,10,0,0,1,0,0,0,47.263421965313,44.8353932929,-0.5668284866
1,1,1,0,0,1,0,0,0,0,1,4,1,20,250,20,0,0,1,0,0,1,74.36943743235176,44.8469788092,-0.5885744205
0,1,0,0,0,0,0,0,0,0,1,2,1,9,0,9,0,0,0,0,1,1,48.85644128283812,44.8805363781,-0.5485705201
0,1,1,0,0,1,0,0,0,0,1,2,1,0,0,0,0,0,0,0,1,0,38.79634543157165,44.8363301921,-0.5751506537
0,1,1,0,0,0,0,0,1,0,0,2,1,5,0,5,0,0,0,0,0,0,55.24412657894603,44.8324760093,-0.606672695
0,1,1,0,0,1,0,0,0,0,1,8,4,40,0,40,0,0,1,0,0,1,143.37502046927636,44.8221075752,-0.5781113795
0,1,1,0,0,0,0,0,0,0,0,2,1,10,0,10,0,0,0,0,0,0,46.2799121890007,44.8318406021,-0.569901446
0,0,0,0,0,0,0,0,0,0,0,2,0,0,400,0,0,0,0,0,0,0,42.303900519357775,44.8509058069,-0.5712103091
0,1,0,0,0,0,0,0,0,0,0,2,0,0,0,0,0,0,0,0,1,0,27.922093917662714,44.8341947975,-0.5787663991
0,1,1,0,0,1,0,0,0,0,1,4,1,0,700,0,1,0,1,0,0,1,86.59609214297994,44.8384637409,-0.5725400822
1,1,1,0,0,0,0,0,0,0,1,4,1,15,270,15,0,0,0,0,0,1,78.24616156419185,44.8416696102,-0.5607978351
1,1,1,0,0,0,0,1,0,0,1,3,1,30,300,30,0,0,1,0,2,1,75.75332543388015,44.8475584486,-0.5831420139
0,1,1,0,0,1,0,0,0,0,1,5,2,20,300,20,0,0,1,0,0,1,93.99110989345283,44.831338701,-0.57046102
0,1,1,0,0,1,0,0,0,0,1,2,1,6,0,6,0,0,1,0,1,0,37.92953366898119,44.8314264074,-0.5718616271
0,0,0,0,0,0,1,0,0,0,1,4,2,50,1000,50,0,0,1,0,2,1,110.09757246425376,44.8358654897,-0.5821679292
1,1,0,0,0,0,1,0,0,0,1,4,2,20,300,20,1,0,1,0,0,1,96.18373090765975,44.8512671827,-0.5924413604
1,1,0,0,0,0,0,0,0,0,0,2,1,0,0,0,0,0,0,0,1,1,53.9405363588698,44.8603881758,-0.6123526477
0,0,1,0,0,1,0,0,0,0,0,2,1,0,200,0,0,0,1,0,1,0,48.24065273688349,44.8422678798,-0.5576626447
1,0,1,0,0,1,0,0,0,0,1,4,1,40,350,40,0,0,1,0,2,1,84.06683019335594,44.8401357708,-0.5735087569
0,0,1,0,0,1,0,0,0,0,0,2,1,10,300,10,0,0,1,0,0,0,53.29413255948234,44.8471049811,-0.5502417061
0,1,1,0,0,1,0,0,0,0,1,4,1,30,500,30,0,0,1,0,0,1,78.65233841651171,44.8381471228,-0.5829512769
0,1,1,0,0,1,0,0,0,0,0,2,1,0,100,0,0,0,1,0,0,1,49.285263235797586,44.8599151561,-0.563625298
0,1,1,0,0,1,0,0,0,0,0,2,1,0,200,0,0,0,1,0,1,1,51.47714014376951,44.8262349454,-0.5641859899
0,1,0,0,0,0,1,0,0,0,1,2,1,0,250,0,0,0,0,0,1,1,48.78270802829624,44.8614924723,-0.5603149853
0,0,1,0,0,1,0,0,0,0,1,2,0,0,0,0,0,0,0,0,1,0,27.6609930385346,44.8335761277,-0.5843827066
0,1,1,0,0,1,1,0,0,0,1,2,1,0,0,0,0,0,1,0,0,1,39.36466324391039,44.849738454,-0.6195552946
1,1,0,0,0,0,0,0,0,0,1,3,1,13,1350,13,0,0,1,0,0,1,94.71777568990657,44.8360502585,-0.5639155324
1,1,0,0,0,1,0,0,0,0,1,2,1,0,0,0,0,1,0,0,1,1,53.08791839056323,44.8368613254,-0.5720797768
1,1,0,0,0,0,0,0,0,0,1,4,0,22,0,22,0,0,1,0,2,1,53.99035360667175,44.8339130926,-0.5688052178
1,1,0,0,0,0,0,0,0,0,1,4,1,25,650,25,0,1,1,0,0,1,91.10950730916859,44.8332863825,-0.5738612164
0,1,1,0,0,1,0,0,0,0,1,4,2,15,500,15,0,0,1,0,0,1,90.34318761820994,44.8344060161,-0.5624823121
0,1,1,0,0,1,0,0,0,0,1,2,1,5,0,5,0,1,1,0,0,1,49.19054872381932,44.8262208322,-0.5711234438
0,1,1,0,0,0,0,0,0,0,0,4,0,18,600,18,0,0,1,0,2,1,68.11827612695045,44.8539532834,-0.5684764399
1,1,0,0,0,1,0,0,0,0,1,2,0,0,0,0,1,0,0,0,1,1,43.18093422921684,44.8574798817,-0.5732567616
0,1,0,0,0,0,0,0,0,0,0,2,1,0,0,0,0,0,1,0,0,0,41.01501486425241,44.8390248452,-0.5596259273
1,1,0,1,0,0,0,0,0,0,1,4,2,20,300,20,1,0,0,0,2,1,104.4811582912558,44.8404106807,-0.5697118706
0,1,1,0,0,1,1,0,0,0,1,2,1,0,0,0,1,0,0,0,0,1,50.56781557933554,44.8549769609,-0.5793220711
0,1,0,0,0,1,0,0,0,0,0,4,1,10,500,10,0,0,1,0,0,1,76.13595684539789,44.8518934703,-0.5849318721
1,1,1,0,0,1,0,0,0,0,1,7,3,150,1000,150,1,0,1,0,0,1,182.91811781242544,44.8474398154,-0.580388097
0,1,1,1,0,1,1,0,0,0,1,2,1,0,600,0,0,0,1,0,0,1,57.129270246218084,44.8441482333,-0.5879551466
0,1,1,0,0,1,0,0,0,0,1,2,1,10,300,10,0,0,0,0,1,1,55.55156986839615,44.8412259932,-0.5600299562
1,1,1,1,0,1,0,0,0,0,1,4,1,30,500,30,1,0,0,0,1,0,89.10164578821208,44.835825737,-0.5773880729
0,1,1,0,0,1,0,0,1,0,1,6,4,30,0,30,1,0,1,0,0,1,144.86990715872923,44.8410679981,-0.6236365513
0,1,1,0,0,0,0,0,0,0,1,2,1,0,0,0,0,0,0,0,1,1,48.01651403144311,44.8406544577,-0.559173582
0,1,0,0,0,0,0,0,0,0,1,2,0,0,0,0,0,0,0,0,1,1,32.137099780129155,44.840588983,-0.5818447338
0,1,1,0,0,1,0,1,1,0,1,2,1,0,0,0,1,0,1,0,1,0,59.99608242948142,44.8462440017,-0.605613302
0,1,0,1,0,0,1,0,0,0,1,2,1,5,0,5,0,0,0,0,1,1,45.70677327142854,44.8259312311,-0.5869886154
0,1,1,0,0,0,0,0,0,0,1,2,1,0,300,0,0,0,0,0,0,0,49.19014843009156,44.8272118157,-0.5602540079
0,1,1,0,0,1,0,0,0,0,1,2,1,20,300,20,0,0,0,0,1,1,57.64677499381729,44.8364623441,-0.5712807255
0,1,1,0,0,1,1,0,0,0,1,4,2,0,0,0,0,0,0,0,0,1,71.82319760694739,44.8672888434,-0.5714731842
0,1,0,0,0,0,0,0,0,0,0,2,0,20,250,20,0,0,0,0,1,0,38.55019367494204,44.8398303475,-0.5699987607
